"gender","major","disaster_freq","ai_experience","nt_can_thiet_1","nt_can_thiet_2","nt_can_thiet_3","nb_ai_1","nb_ai_2","nb_ai_3","kv_hieu_qua_1","kv_hieu_qua_2","kv_hieu_qua_3","ln_phi_nhan_tinh_1","ln_phi_nhan_tinh_2","ln_phi_nhan_tinh_3","te_liet_xh_1","te_liet_xh_2","te_liet_xh_3","nham_lan_gkhq_1","nham_lan_gkhq_2","nham_lan_gkhq_3","yd_hanh_vi_1","yd_hanh_vi_2","yd_hanh_vi_3","other_opinions"
"Nam","Khoa học Kỹ thuật & Công nghệ (Công nghệ thông tin, Kỹ thuật, Kiến trúc, Điện tử...)","Chưa từng bị ảnh hưởng","Chưa từng sử dụng",5,5,5,5,5,5,5,5,1,1,5,1,1,1,1,5,5,5,5,5,5,"bảo mật thông tin"
"Nam","Khoa học Kỹ thuật & Công nghệ (Công nghệ thông tin, Kỹ thuật, Kiến trúc, Điện tử...)","Hằng năm, đều đặn","Chưa từng sử dụng",3,3,4,2,4,3,5,4,3,3,4,4,3,5,5,5,5,5,5,4,5,"tôi muốn AI cho thể theo sát hơn cho khả năng của cơ thể và mong muốn sẽ có thể theo dõi sát sao. Tôi lo ngại nó có thể ảnh hưởng đến đời sống tôi qua nhiều, khiến thông tin bị lộ"
"Nữ","Khoa học Kỹ thuật & Công nghệ (Công nghệ thông tin, Kỹ thuật, Kiến trúc, Điện tử...)","Hằng năm, đều đặn","Sử dụng thường xuyên",5,5,5,5,5,5,5,5,5,5,5,5,5,5,5,5,5,5,5,5,5,NA
"Nữ","Kinh tế, Kinh doanh & Quản lý (Quản trị kinh doanh, Tài chính - Ngân hàng, Kế toán, Logistics...)","Thỉnh thoảnh, tùy năm","Sử dụng vài lần",3,2,4,4,4,4,3,3,5,3,2,2,3,2,2,2,1,1,1,3,3,NA
"Nam","Khoa học Tự nhiên, Y dược & Khác (Y, Dược, Sinh học, Hóa học, Sức khỏe...)","Chưa từng bị ảnh hưởng","Chưa từng sử dụng",2,2,2,4,4,4,3,3,3,2,2,2,2,2,3,2,2,1,1,1,1,NA
"Nam","Kinh tế, Kinh doanh & Quản lý (Quản trị kinh doanh, Tài chính - Ngân hàng, Kế toán, Logistics...)","Thỉnh thoảnh, tùy năm","Sử dụng thường xuyên",3,3,4,4,3,5,3,4,3,4,3,5,5,3,3,5,3,5,3,3,5,"không"
"Nam","Khoa học Kỹ thuật & Công nghệ (Công nghệ thông tin, Kỹ thuật, Kiến trúc, Điện tử...)","Chưa từng bị ảnh hưởng","Sử dụng thường xuyên",5,5,5,5,5,5,5,5,5,5,5,5,5,5,5,5,5,5,5,5,5,"Không a"
"Nữ","Kinh tế, Kinh doanh & Quản lý (Quản trị kinh doanh, Tài chính - Ngân hàng, Kế toán, Logistics...)","Chưa từng bị ảnh hưởng","Sử dụng vài lần",5,5,3,5,5,5,5,5,5,5,5,5,5,5,5,5,4,2,1,1,3,"KHÔNG"
"Nữ","Kinh tế, Kinh doanh & Quản lý (Quản trị kinh doanh, Tài chính - Ngân hàng, Kế toán, Logistics...)","Thỉnh thoảnh, tùy năm","Sử dụng vài lần",5,5,5,4,4,3,4,4,4,3,4,2,2,3,2,1,2,3,1,4,4,NA
"Nữ","Khoa học Kỹ thuật & Công nghệ (Công nghệ thông tin, Kỹ thuật, Kiến trúc, Điện tử...)","Chưa từng bị ảnh hưởng","Sử dụng vài lần",5,3,3,3,3,3,3,3,4,3,4,4,1,1,1,1,1,3,3,3,3,NA
"Nam","Khoa học Kỹ thuật & Công nghệ (Công nghệ thông tin, Kỹ thuật, Kiến trúc, Điện tử...)","Hằng năm, đều đặn","Chưa từng sử dụng",4,4,4,3,3,3,4,4,4,4,4,4,4,4,4,4,4,4,4,4,4,NA
"Nữ","Khoa học Kỹ thuật & Công nghệ (Công nghệ thông tin, Kỹ thuật, Kiến trúc, Điện tử...)","Hằng năm, đều đặn","Sử dụng vài lần",5,3,4,5,4,3,5,5,4,5,5,5,5,5,4,5,4,5,4,4,3,NA
"Nam","Kinh tế, Kinh doanh & Quản lý (Quản trị kinh doanh, Tài chính - Ngân hàng, Kế toán, Logistics...)","Thỉnh thoảnh, tùy năm","Chưa từng sử dụng",5,5,4,4,3,1,1,2,4,1,2,3,3,2,2,2,2,2,2,2,2,"không"
"Nữ","Kinh tế, Kinh doanh & Quản lý (Quản trị kinh doanh, Tài chính - Ngân hàng, Kế toán, Logistics...)","Chưa từng bị ảnh hưởng","Sử dụng vài lần",3,3,3,4,4,3,4,3,3,2,2,2,2,2,2,2,3,3,2,3,3,"Không"
"Nam","Khoa học Kỹ thuật & Công nghệ (Công nghệ thông tin, Kỹ thuật, Kiến trúc, Điện tử...)","Chưa từng bị ảnh hưởng","Sử dụng vài lần",3,4,2,5,5,3,5,2,2,5,5,5,2,2,1,1,1,1,1,1,1,"không có"
"Nữ","Khoa học Tự nhiên, Y dược & Khác (Y, Dược, Sinh học, Hóa học, Sức khỏe...)","Chưa từng bị ảnh hưởng","Sử dụng vài lần",3,3,3,3,3,3,3,3,3,3,3,3,3,3,3,3,3,3,3,3,3,"Không"
"Nữ","Khoa học Kỹ thuật & Công nghệ (Công nghệ thông tin, Kỹ thuật, Kiến trúc, Điện tử...)","Thỉnh thoảnh, tùy năm","Chưa từng sử dụng",3,3,3,5,4,3,3,3,2,5,4,4,4,3,2,2,3,2,3,2,2,"Không"
"Nữ","Kinh tế, Kinh doanh & Quản lý (Quản trị kinh doanh, Tài chính - Ngân hàng, Kế toán, Logistics...)","Chưa từng bị ảnh hưởng","Chưa từng sử dụng",3,5,3,5,5,3,5,1,1,5,5,5,3,1,1,1,1,1,1,1,1,"không, mình không nghĩ AI có thể thấu hiểu mình (việc mà bạn bè, người thân còn chưa chắc làm được)"
"Nữ","Khoa học Kỹ thuật & Công nghệ (Công nghệ thông tin, Kỹ thuật, Kiến trúc, Điện tử...)","Thỉnh thoảnh, tùy năm","Sử dụng vài lần",2,3,3,3,3,2,3,2,2,4,4,4,4,4,2,3,3,2,3,2,3,NA
"Nữ","Kinh tế, Kinh doanh & Quản lý (Quản trị kinh doanh, Tài chính - Ngân hàng, Kế toán, Logistics...)","Chưa từng bị ảnh hưởng","Sử dụng vài lần",5,4,5,5,3,4,3,3,4,4,3,3,3,4,4,4,5,4,2,3,4,NA
"Nữ","Khoa học Tự nhiên, Y dược & Khác (Y, Dược, Sinh học, Hóa học, Sức khỏe...)","Thỉnh thoảnh, tùy năm","Sử dụng vài lần",3,2,4,4,4,3,4,3,4,2,2,3,2,1,1,2,2,2,2,3,3,"Đôi khi AI không hoàn toàn hiểu hết tình trạng tâm lý của tất cả mọi người và AI sẽ chỉ đưa ra hướng giải quyết chung không phù hợp"
"Nữ","Khoa học Kỹ thuật & Công nghệ (Công nghệ thông tin, Kỹ thuật, Kiến trúc, Điện tử...)","Chưa từng bị ảnh hưởng","Sử dụng vài lần",5,5,5,5,5,5,5,5,5,5,5,5,5,5,5,5,5,5,5,5,5,NA
"Nữ","Kinh tế, Kinh doanh & Quản lý (Quản trị kinh doanh, Tài chính - Ngân hàng, Kế toán, Logistics...)","Thỉnh thoảnh, tùy năm","Sử dụng vài lần",5,5,4,4,4,4,4,4,4,4,4,4,4,4,4,4,4,4,4,4,4,"Hiện tại mình chưa nghĩ ra"
"Nam","Kinh tế, Kinh doanh & Quản lý (Quản trị kinh doanh, Tài chính - Ngân hàng, Kế toán, Logistics...)","Thỉnh thoảnh, tùy năm","Sử dụng vài lần",4,4,4,2,2,2,5,5,5,2,3,3,4,3,3,3,3,3,2,2,3,"hiện tại thì không có"
"Nữ","Khoa học Kỹ thuật & Công nghệ (Công nghệ thông tin, Kỹ thuật, Kiến trúc, Điện tử...)","Chưa từng bị ảnh hưởng","Chưa từng sử dụng",4,4,3,5,4,3,4,3,4,4,4,4,5,2,2,3,3,3,1,2,2,NA
"Nữ","Khoa học Tự nhiên, Y dược & Khác (Y, Dược, Sinh học, Hóa học, Sức khỏe...)","Thỉnh thoảnh, tùy năm","Sử dụng thường xuyên",4,4,4,3,3,4,4,5,4,4,4,4,4,5,4,5,4,5,4,4,5,NA
"Nữ","Khoa học Kỹ thuật & Công nghệ (Công nghệ thông tin, Kỹ thuật, Kiến trúc, Điện tử...)","Chưa từng bị ảnh hưởng","Sử dụng thường xuyên",4,5,5,4,4,4,4,4,5,3,2,1,2,3,5,3,2,4,2,4,4,NA
"Nữ","Khoa học Tự nhiên, Y dược & Khác (Y, Dược, Sinh học, Hóa học, Sức khỏe...)","Chưa từng bị ảnh hưởng","Sử dụng thường xuyên",3,5,2,3,4,1,5,5,4,1,3,5,3,5,1,5,4,3,3,4,4,"không"
"Nữ","Khoa học Kỹ thuật & Công nghệ (Công nghệ thông tin, Kỹ thuật, Kiến trúc, Điện tử...)","Chưa từng bị ảnh hưởng","Sử dụng vài lần",3,3,2,4,4,3,4,4,4,3,3,3,2,2,1,2,2,2,1,3,3,NA
"Nam","Khoa học Tự nhiên, Y dược & Khác (Y, Dược, Sinh học, Hóa học, Sức khỏe...)","Chưa từng bị ảnh hưởng","Sử dụng thường xuyên",4,4,4,5,4,3,4,4,5,3,3,3,4,3,5,3,3,3,3,2,3,NA
"Nữ","Kinh tế, Kinh doanh & Quản lý (Quản trị kinh doanh, Tài chính - Ngân hàng, Kế toán, Logistics...)","Chưa từng bị ảnh hưởng","Chưa từng sử dụng",3,4,4,5,5,5,3,3,4,2,3,3,3,3,2,3,3,3,3,3,3,NA
"Nữ","Kinh tế, Kinh doanh & Quản lý (Quản trị kinh doanh, Tài chính - Ngân hàng, Kế toán, Logistics...)","Thỉnh thoảng, tùy năm","Sử dụng thường xuyên",5,2,5,5,3,5,5,5,5,2,3,4,5,5,5,5,3,5,4,3,4,"Lo ngại về tính thực tế của AI vì hầu như sinh viên sẽ xài AI free mà dùng bản free như vậy thì thông tin AI đưa tới có thể sẽ lấy từ những nguồn k thực sự chính thống hoặc thông tin chưa qua kiểm chứng. nếu sinh viên đang gặp các vấn đề tâm lý nặng làm theo (vì đã ""quá tuyệt vọng"" mà không kiểm chứng thông tin) thì có thể gây ra hậu quả nghiêm trọng hơn"
"Nam","Khoa học Tự nhiên, Y dược & Khác (Y, Dược, Sinh học, Hóa học, Sức khỏe...)","Chưa từng bị ảnh hưởng","Sử dụng vài lần",4,3,5,5,4,2,4,4,3,3,4,5,3,1,1,2,1,2,1,2,3,"Mong muốn AI sẽ đưa ra các giải pháp cụ thể hơn thay vì chỉ nói chung chung để thoả mãn một phần nhu cầu về chăm sóc sức khoẻ tinh thần của người sử  dụng"
"Nữ","Kinh tế, Kinh doanh & Quản lý (Quản trị kinh doanh, Tài chính - Ngân hàng, Kế toán, Logistics...)","Chưa từng bị ảnh hưởng","Sử dụng thường xuyên",3,3,3,3,3,3,3,3,3,3,3,3,3,3,3,3,3,3,3,3,3,NA
"Nữ","Khoa học Xã hội, Nhân văn & Ngôn ngữ (Luật, Ngôn ngữ Anh/Hàn/Trung, Tâm lý học, Báo chí...)","Chưa từng bị ảnh hưởng","Chưa từng sử dụng",3,3,3,3,3,3,4,2,3,4,4,3,3,2,3,3,3,3,3,3,3,NA
"Nữ","Kinh tế, Kinh doanh & Quản lý (Quản trị kinh doanh, Tài chính - Ngân hàng, Kế toán, Logistics...)","Chưa từng bị ảnh hưởng","Sử dụng vài lần",4,5,5,2,4,3,4,4,3,4,4,4,4,2,3,2,4,4,2,2,3,NA
"Nam","Khoa học Kỹ thuật & Công nghệ (Công nghệ thông tin, Kỹ thuật, Kiến trúc, Điện tử...)","Chưa từng bị ảnh hưởng","Sử dụng vài lần",3,2,2,2,5,3,4,4,4,4,2,4,4,4,4,3,3,4,3,4,4,NA
"Nam","Kinh tế, Kinh doanh & Quản lý (Quản trị kinh doanh, Tài chính - Ngân hàng, Kế toán, Logistics...)","Chưa từng bị ảnh hưởng","Sử dụng vài lần",4,5,3,4,3,3,4,3,4,3,3,3,3,2,2,3,4,3,2,2,2,"Không có"
"Nam","Khoa học Tự nhiên, Y dược & Khác (Y, Dược, Sinh học, Hóa học, Sức khỏe...)","Thỉnh thoảng, tùy năm","Sử dụng thường xuyên",4,4,4,4,4,4,3,3,4,4,4,4,4,2,2,2,4,2,2,3,2,NA
"Nam","Kinh tế, Kinh doanh & Quản lý (Quản trị kinh doanh, Tài chính - Ngân hàng, Kế toán, Logistics...)","Chưa từng bị ảnh hưởng","Sử dụng thường xuyên",5,5,5,5,5,5,3,5,3,1,1,5,5,5,2,2,5,5,1,4,5,"Không"
"Nam","Khoa học Tự nhiên, Y dược & Khác (Y, Dược, Sinh học, Hóa học, Sức khỏe...)","Chưa từng bị ảnh hưởng","Sử dụng vài lần",3,4,5,4,5,5,4,5,4,3,3,4,4,4,4,4,2,5,1,3,3,"Tôi mong muốn AI có thể đưa ra một câu trả lời vững chắc, không bị thay đổi khi mà đưa ra những cái câu hỏi hay những cái khía cạnh hay ý kiến khác nhau về cùng một vấn đề. Nó sẽ khiến người dùng có một cái nhìn khách quan hơn về giải pháp cũng như biện pháp để ổn định sức khỏe tinh thần hơn thay vì cảm giác được chữa trị tạm thời ở khía cạnh này mà không được chữa trị ở khía cạnh khác."
"Nam","Kinh tế, Kinh doanh & Quản lý (Quản trị kinh doanh, Tài chính - Ngân hàng, Kế toán, Logistics...)","Thỉnh thoảng, tùy năm","Sử dụng vài lần",5,5,2,2,4,3,4,5,5,4,4,4,5,3,4,4,5,4,3,4,4,"Không"
"Nữ","Khoa học Xã hội, Nhân văn & Ngôn ngữ (Luật, Ngôn ngữ Anh/Hàn/Trung, Tâm lý học, Báo chí...)","Thỉnh thoảng, tùy năm","Chưa từng sử dụng",2,2,4,3,5,3,3,1,3,2,3,4,5,2,1,3,3,2,1,1,1,NA
"Nam","Khoa học Kỹ thuật & Công nghệ (Công nghệ thông tin, Kỹ thuật, Kiến trúc, Điện tử...)","Thỉnh thoảng, tùy năm","Chưa từng sử dụng",5,5,5,5,5,4,5,5,5,5,5,5,5,5,5,5,5,5,4,4,4,"Không"
"Nam","Khoa học Kỹ thuật & Công nghệ (Công nghệ thông tin, Kỹ thuật, Kiến trúc, Điện tử...)","Chưa từng bị ảnh hưởng","Chưa từng sử dụng",5,5,5,5,5,5,4,3,5,4,5,3,5,4,5,3,4,3,5,2,5,NA
"Nam","Kinh tế, Kinh doanh & Quản lý (Quản trị kinh doanh, Tài chính - Ngân hàng, Kế toán, Logistics...)","Chưa từng bị ảnh hưởng","Chưa từng sử dụng",4,2,3,4,4,4,3,3,3,3,4,3,3,3,3,3,3,3,3,3,3,NA
"Nữ","Kinh tế, Kinh doanh & Quản lý (Quản trị kinh doanh, Tài chính - Ngân hàng, Kế toán, Logistics...)","Thỉnh thoảng, tùy năm","Sử dụng thường xuyên",3,5,5,2,5,5,3,3,5,2,2,2,3,3,4,3,2,3,3,4,3,NA
"Nữ","Kinh tế, Kinh doanh & Quản lý (Quản trị kinh doanh, Tài chính - Ngân hàng, Kế toán, Logistics...)","Chưa từng bị ảnh hưởng","Sử dụng vài lần",4,4,5,5,5,4,1,4,2,1,1,1,4,2,1,3,1,4,1,3,4,"Dạ khum ạ, em thấy phần điền form khảo sát thông tin đã rất kỹ rồi ạ. Chúc các bạn/anh chị đến từ Khoa Hệ thống Thông tin, Trường Đại học Kinh tế - Luật, ĐHQG-HCM sẽ thành công trong bài nghiên cứu này nhóooo"
"Nữ","Khoa học Kỹ thuật & Công nghệ (Công nghệ thông tin, Kỹ thuật, Kiến trúc, Điện tử...)","Chưa từng bị ảnh hưởng","Sử dụng thường xuyên",5,4,5,4,5,4,5,5,5,3,3,2,3,3,1,4,1,3,3,5,3,NA
"Nam","Khoa học Kỹ thuật & Công nghệ (Công nghệ thông tin, Kỹ thuật, Kiến trúc, Điện tử...)","Thỉnh thoảng, tùy năm","Sử dụng vài lần",3,2,3,3,4,3,3,4,4,4,4,3,4,3,3,4,4,3,3,3,3,"Không"
"Nữ","Kinh tế, Kinh doanh & Quản lý (Quản trị kinh doanh, Tài chính - Ngân hàng, Kế toán, Logistics...)","Chưa từng bị ảnh hưởng","Sử dụng thường xuyên",4,4,5,3,4,3,4,3,4,4,4,4,4,4,3,3,3,4,3,4,3,NA
"Nữ","Khoa học Kỹ thuật & Công nghệ (Công nghệ thông tin, Kỹ thuật, Kiến trúc, Điện tử...)","Chưa từng bị ảnh hưởng","Sử dụng vài lần",4,3,2,4,3,2,2,4,3,3,2,3,4,4,3,4,4,3,3,4,3,NA
"Nữ","Khoa học Kỹ thuật & Công nghệ (Công nghệ thông tin, Kỹ thuật, Kiến trúc, Điện tử...)","Thỉnh thoảng, tùy năm","Chưa từng sử dụng",5,3,2,3,5,4,5,4,1,4,1,5,5,1,1,2,1,5,1,2,1,NA
"Nam","Khoa học Tự nhiên, Y dược & Khác (Y, Dược, Sinh học, Hóa học, Sức khỏe...)","Thỉnh thoảng, tùy năm","Sử dụng vài lần",4,3,5,4,4,2,3,4,4,4,4,4,4,2,4,2,3,3,3,2,3,NA
"Nam","Khoa học Xã hội, Nhân văn & Ngôn ngữ (Luật, Ngôn ngữ Anh/Hàn/Trung, Tâm lý học, Báo chí...)","Thỉnh thoảng, tùy năm","Sử dụng thường xuyên",3,3,3,3,3,3,3,3,3,3,3,3,3,3,3,3,3,3,3,3,3,NA
"Nam","Kinh tế, Kinh doanh & Quản lý (Quản trị kinh doanh, Tài chính - Ngân hàng, Kế toán, Logistics...)","Thỉnh thoảng, tùy năm","Sử dụng vài lần",3,4,2,3,2,4,2,4,3,2,4,3,2,3,4,2,3,2,3,3,4,NA
"Nữ","Khoa học Xã hội, Nhân văn & Ngôn ngữ (Luật, Ngôn ngữ Anh/Hàn/Trung, Tâm lý học, Báo chí...)","Hằng năm, đều đặn","Sử dụng vài lần",3,5,5,3,3,2,5,5,4,4,5,4,5,4,2,2,2,4,1,4,4,"Có những tình huống tâm lý bị ảnh hưởng khá nặng bởi nhiều nguyên nhân nhưng AI chưa thực sự giải quyết rõ ràng hoặc thấu hiểu. AI thường chỉ làm tốt nhiệm vụ khi mình đề cập đến vấn đề gây ra bởi những tác động đơn giản hoặc những vấn đề nhiều người gặp phải."
"Nam","Khoa học Xã hội, Nhân văn & Ngôn ngữ (Luật, Ngôn ngữ Anh/Hàn/Trung, Tâm lý học, Báo chí...)","Chưa từng bị ảnh hưởng","Chưa từng sử dụng",5,3,4,2,5,4,5,4,5,3,3,2,2,2,5,3,3,3,2,5,4,"Không có"
"Nam","Khoa học Kỹ thuật & Công nghệ (Công nghệ thông tin, Kỹ thuật, Kiến trúc, Điện tử...)","Thỉnh thoảng, tùy năm","Chưa từng sử dụng",4,4,4,4,5,3,4,4,4,2,3,4,2,2,2,2,2,2,2,2,3,NA
"Nam","Khoa học Kỹ thuật & Công nghệ (Công nghệ thông tin, Kỹ thuật, Kiến trúc, Điện tử...)","Thỉnh thoảng, tùy năm","Chưa từng sử dụng",4,3,4,4,4,5,2,3,3,2,3,3,4,3,3,3,4,3,3,3,4,"AI chưa có cảm xúc quá nhiều, thường được điều khiển để phản ứng lại một số cảm xúc cụ thể"
"Nữ","Khoa học Xã hội, Nhân văn & Ngôn ngữ (Luật, Ngôn ngữ Anh/Hàn/Trung, Tâm lý học, Báo chí...)","Chưa từng bị ảnh hưởng","Sử dụng vài lần",4,4,4,5,3,3,4,4,4,5,5,5,4,3,2,2,2,2,1,2,3,"Không ạ"
"Nữ","Kinh tế, Kinh doanh & Quản lý (Quản trị kinh doanh, Tài chính - Ngân hàng, Kế toán, Logistics...)","Chưa từng bị ảnh hưởng","Sử dụng vài lần",3,4,4,3,3,4,3,4,4,3,4,4,3,3,4,4,3,4,3,4,4,"AI khó có thể hiểu cảm xúc của con người"
"Nam","Khoa học Kỹ thuật & Công nghệ (Công nghệ thông tin, Kỹ thuật, Kiến trúc, Điện tử...)","Thỉnh thoảng, tùy năm","Sử dụng vài lần",3,4,3,4,4,3,4,4,2,5,5,5,5,3,4,1,1,3,2,3,1,"hiện tại AI đã làm quá tốt việc hỗ trợ nên tôi nghĩ mảng đó tôi ko có thêm kỳ vọng nào khác, chỉ là nên lập trình để AI nhắc nhở việc ko nên lạm dụng mà khuyên theo hướng nên kết nối với người khác nhiều hơn"
"Nữ","Khoa học Kỹ thuật & Công nghệ (Công nghệ thông tin, Kỹ thuật, Kiến trúc, Điện tử...)","Thỉnh thoảng, tùy năm","Sử dụng thường xuyên",5,5,4,4,5,5,4,4,4,4,3,4,4,3,3,4,3,3,3,3,3,NA
"Nữ","Khoa học Tự nhiên, Y dược & Khác (Y, Dược, Sinh học, Hóa học, Sức khỏe...)","Chưa từng bị ảnh hưởng","Sử dụng vài lần",3,4,4,4,4,3,4,4,4,4,4,4,4,3,2,3,2,4,2,3,3,NA
"Nam","Kinh tế, Kinh doanh & Quản lý (Quản trị kinh doanh, Tài chính - Ngân hàng, Kế toán, Logistics...)","Thỉnh thoảng, tùy năm","Sử dụng vài lần",5,4,4,5,4,2,4,5,4,5,4,1,5,2,5,4,2,1,1,2,4,NA
"Nữ","Kinh tế, Kinh doanh & Quản lý (Quản trị kinh doanh, Tài chính - Ngân hàng, Kế toán, Logistics...)","Chưa từng bị ảnh hưởng","Sử dụng thường xuyên",5,5,5,3,5,3,5,4,5,1,1,1,4,4,2,4,4,4,3,4,4,NA
"Nữ","Kinh tế, Kinh doanh & Quản lý (Quản trị kinh doanh, Tài chính - Ngân hàng, Kế toán, Logistics...)","Thỉnh thoảng, tùy năm","Chưa từng sử dụng",4,5,4,5,4,5,3,4,4,5,5,4,4,5,5,4,4,5,5,5,5,NA
"Nữ","Kinh tế, Kinh doanh & Quản lý (Quản trị kinh doanh, Tài chính - Ngân hàng, Kế toán, Logistics...)","Thỉnh thoảng, tùy năm","Sử dụng thường xuyên",4,5,5,2,5,4,5,5,5,2,2,4,2,2,4,4,2,3,2,5,4,NA
"Nam","Kinh tế, Kinh doanh & Quản lý (Quản trị kinh doanh, Tài chính - Ngân hàng, Kế toán, Logistics...)","Thỉnh thoảng, tùy năm","Sử dụng thường xuyên",5,5,3,2,4,2,4,5,2,4,5,5,5,2,2,5,4,4,2,4,2,"Cần một người bạn trai"
"Nữ","Kinh tế, Kinh doanh & Quản lý (Quản trị kinh doanh, Tài chính - Ngân hàng, Kế toán, Logistics...)","Chưa từng bị ảnh hưởng","Sử dụng thường xuyên",3,3,3,4,4,4,4,4,4,3,3,3,3,3,3,3,3,3,3,3,3,NA
"Nữ","Khoa học Xã hội, Nhân văn & Ngôn ngữ (Luật, Ngôn ngữ Anh/Hàn/Trung, Tâm lý học, Báo chí...)","Thỉnh thoảng, tùy năm","Sử dụng thường xuyên",5,5,5,5,5,5,5,5,5,5,5,5,5,5,5,5,5,5,5,5,5,"Tôi muốn AI có thể ghi nhớ dữ liệu từ nhiều đoạn chat khác nhau tốt hơn."
"Nữ","Kinh tế, Kinh doanh & Quản lý (Quản trị kinh doanh, Tài chính - Ngân hàng, Kế toán, Logistics...)","Chưa từng bị ảnh hưởng","Chưa từng sử dụng",4,3,4,3,4,4,3,3,3,3,4,4,3,3,3,2,3,3,1,2,1,"Dạ k ạ"
"Nữ","Kinh tế, Kinh doanh & Quản lý (Quản trị kinh doanh, Tài chính - Ngân hàng, Kế toán, Logistics...)","Chưa từng bị ảnh hưởng","Sử dụng vài lần",4,3,2,5,4,5,5,3,1,4,4,5,4,2,2,4,5,5,2,3,2,NA
"Nữ","Kinh tế, Kinh doanh & Quản lý (Quản trị kinh doanh, Tài chính - Ngân hàng, Kế toán, Logistics...)","Hằng năm, đều đặn","Sử dụng vài lần",4,4,4,3,3,3,3,3,3,3,3,3,3,3,3,3,3,3,2,4,3,"Em nghĩ nên thêm vài cuốn sách tâm lý để AI đọc và hiểu rõ hơn"
"Nữ","Khoa học Kỹ thuật & Công nghệ (Công nghệ thông tin, Kỹ thuật, Kiến trúc, Điện tử...)","Hằng năm, đều đặn","Sử dụng thường xuyên",5,5,5,5,5,4,3,3,4,4,4,4,4,4,4,4,4,4,4,4,4,NA
"Nữ","Kinh tế, Kinh doanh & Quản lý (Quản trị kinh doanh, Tài chính - Ngân hàng, Kế toán, Logistics...)","Chưa từng bị ảnh hưởng","Sử dụng vài lần",3,4,4,3,4,3,3,5,5,3,4,2,4,3,4,4,3,4,2,3,4,"Không"
"Nữ","Khoa học Xã hội, Nhân văn & Ngôn ngữ (Luật, Ngôn ngữ Anh/Hàn/Trung, Tâm lý học, Báo chí...)","Chưa từng bị ảnh hưởng","Sử dụng vài lần",3,3,3,3,4,4,4,4,3,4,4,4,3,4,3,3,4,3,3,4,3,NA
"Nữ","Kinh tế, Kinh doanh & Quản lý (Quản trị kinh doanh, Tài chính - Ngân hàng, Kế toán, Logistics...)","Chưa từng bị ảnh hưởng","Chưa từng sử dụng",3,1,2,3,3,4,4,4,3,4,3,4,2,1,1,3,2,4,2,1,2,"dạ  ko ạ"
"Nữ","Kinh tế, Kinh doanh & Quản lý (Quản trị kinh doanh, Tài chính - Ngân hàng, Kế toán, Logistics...)","Chưa từng bị ảnh hưởng","Sử dụng vài lần",5,4,3,5,4,4,5,3,4,2,2,3,3,2,1,1,3,2,1,3,4,NA
"Nữ","Khoa học Xã hội, Nhân văn & Ngôn ngữ (Luật, Ngôn ngữ Anh/Hàn/Trung, Tâm lý học, Báo chí...)","Thỉnh thoảng, tùy năm","Chưa từng sử dụng",4,4,4,3,4,4,4,3,3,4,4,4,5,3,2,3,4,3,4,3,4,"không"
"Nữ","Kinh tế, Kinh doanh & Quản lý (Quản trị kinh doanh, Tài chính - Ngân hàng, Kế toán, Logistics...)","Thỉnh thoảng, tùy năm","Sử dụng vài lần",4,4,4,3,4,2,3,4,4,5,5,5,4,4,4,4,4,4,3,2,3,NA
"Nữ","Khoa học Xã hội, Nhân văn & Ngôn ngữ (Luật, Ngôn ngữ Anh/Hàn/Trung, Tâm lý học, Báo chí...)","Chưa từng bị ảnh hưởng","Sử dụng vài lần",4,4,4,5,5,5,4,4,4,5,5,5,5,1,3,4,1,2,1,3,2,NA
"Nam","Khoa học Kỹ thuật & Công nghệ (Công nghệ thông tin, Kỹ thuật, Kiến trúc, Điện tử...)","Thỉnh thoảng, tùy năm","Sử dụng vài lần",4,4,3,4,5,5,4,5,4,2,3,3,3,4,4,3,4,4,2,4,4,NA
"Nữ","Khoa học Xã hội, Nhân văn & Ngôn ngữ (Luật, Ngôn ngữ Anh/Hàn/Trung, Tâm lý học, Báo chí...)","Chưa từng bị ảnh hưởng","Sử dụng vài lần",3,4,4,4,4,3,4,4,4,4,4,4,4,4,4,4,4,4,4,4,4,NA
"Nữ","Khoa học Kỹ thuật & Công nghệ (Công nghệ thông tin, Kỹ thuật, Kiến trúc, Điện tử...)","Hằng năm, đều đặn","Sử dụng vài lần",4,4,4,4,4,4,4,4,4,4,4,4,4,4,4,4,4,4,4,4,4,NA
"Nữ","Kinh tế, Kinh doanh & Quản lý (Quản trị kinh doanh, Tài chính - Ngân hàng, Kế toán, Logistics...)","Chưa từng bị ảnh hưởng","Sử dụng vài lần",5,2,4,2,5,4,5,5,4,1,2,2,2,4,4,4,3,2,1,3,4,"Không có"
"Nữ","Khoa học Xã hội, Nhân văn & Ngôn ngữ (Luật, Ngôn ngữ Anh/Hàn/Trung, Tâm lý học, Báo chí...)","Chưa từng bị ảnh hưởng","Sử dụng vài lần",5,3,3,5,4,4,5,5,3,5,5,5,5,4,3,4,4,4,3,3,3,NA
"Nữ","Khoa học Kỹ thuật & Công nghệ (Công nghệ thông tin, Kỹ thuật, Kiến trúc, Điện tử...)","Chưa từng bị ảnh hưởng","Chưa từng sử dụng",1,4,1,5,5,5,3,2,1,4,4,4,5,1,1,2,1,1,1,1,1,"Không"
"Nữ","Khoa học Xã hội, Nhân văn & Ngôn ngữ (Luật, Ngôn ngữ Anh/Hàn/Trung, Tâm lý học, Báo chí...)","Thỉnh thoảng, tùy năm","Sử dụng vài lần",4,3,4,2,4,3,4,4,4,2,4,3,3,2,3,3,3,4,3,4,3,NA
"Nữ","Kinh tế, Kinh doanh & Quản lý (Quản trị kinh doanh, Tài chính - Ngân hàng, Kế toán, Logistics...)","Hằng năm, đều đặn","Chưa từng sử dụng",1,1,2,3,4,3,3,2,2,4,5,5,4,2,1,4,1,4,1,1,2,NA
"Nữ","Khoa học Xã hội, Nhân văn & Ngôn ngữ (Luật, Ngôn ngữ Anh/Hàn/Trung, Tâm lý học, Báo chí...)","Chưa từng bị ảnh hưởng","Sử dụng vài lần",4,5,3,5,3,3,5,5,3,4,4,4,3,2,5,3,4,3,2,2,2,"Không"
"Nữ","Khoa học Xã hội, Nhân văn & Ngôn ngữ (Luật, Ngôn ngữ Anh/Hàn/Trung, Tâm lý học, Báo chí...)","Chưa từng bị ảnh hưởng","Sử dụng thường xuyên",3,3,3,3,3,3,3,3,3,3,3,3,3,3,3,3,3,3,3,3,3,NA
"Nữ","Kinh tế, Kinh doanh & Quản lý (Quản trị kinh doanh, Tài chính - Ngân hàng, Kế toán, Logistics...)","Chưa từng bị ảnh hưởng","Sử dụng thường xuyên",4,2,5,5,3,4,2,2,5,5,5,5,3,2,5,4,3,5,4,5,4,NA
"Nữ","Kinh tế, Kinh doanh & Quản lý (Quản trị kinh doanh, Tài chính - Ngân hàng, Kế toán, Logistics...)","Thỉnh thoảng, tùy năm","Sử dụng vài lần",5,5,4,5,5,5,5,5,5,5,5,5,5,3,3,3,3,2,3,3,3,"không ạ"
"Nam","Kinh tế, Kinh doanh & Quản lý (Quản trị kinh doanh, Tài chính - Ngân hàng, Kế toán, Logistics...)","Hằng năm, đều đặn","Chưa từng sử dụng",5,3,5,5,5,4,5,4,5,4,4,3,5,4,5,4,4,5,3,3,3,"Dạ không ạ"
"Nữ","Kinh tế, Kinh doanh & Quản lý (Quản trị kinh doanh, Tài chính - Ngân hàng, Kế toán, Logistics...)","Thỉnh thoảng, tùy năm","Sử dụng vài lần",4,4,2,5,3,3,4,5,4,2,3,5,4,4,3,4,4,3,2,4,4,NA
"Nam","Kinh tế, Kinh doanh & Quản lý (Quản trị kinh doanh, Tài chính - Ngân hàng, Kế toán, Logistics...)","Thỉnh thoảng, tùy năm","Chưa từng sử dụng",2,2,3,3,3,4,3,2,4,2,3,4,3,2,4,3,2,4,2,3,3,NA
"Nữ","Kinh tế, Kinh doanh & Quản lý (Quản trị kinh doanh, Tài chính - Ngân hàng, Kế toán, Logistics...)","Chưa từng bị ảnh hưởng","Chưa từng sử dụng",2,2,1,5,4,4,3,1,1,3,3,3,3,3,3,3,3,3,3,3,3,NA
"Nữ","Kinh tế, Kinh doanh & Quản lý (Quản trị kinh doanh, Tài chính - Ngân hàng, Kế toán, Logistics...)","Chưa từng bị ảnh hưởng","Chưa từng sử dụng",1,1,1,4,5,4,5,3,3,4,1,1,1,1,4,2,1,1,3,1,1,"Mình cảm thấy khi chúng ta có nhu cầu chăm sóc sức khỏe tinh thần, phần lớn sẽ tiếp cận với môi trường mạng xã hội nhiều hơn, thay vì nghĩ đến việc lựa chọn AI để '' xoa dịu'' bản thân. Đề tài khá mới mẻ, chúc các bạn thành công !!"
"Nữ","Khoa học Xã hội, Nhân văn & Ngôn ngữ (Luật, Ngôn ngữ Anh/Hàn/Trung, Tâm lý học, Báo chí...)","Thỉnh thoảng, tùy năm","Sử dụng vài lần",5,5,5,5,5,4,5,4,3,3,3,3,3,3,3,3,3,3,3,3,3,NA
"Nữ","Kinh tế, Kinh doanh & Quản lý (Quản trị kinh doanh, Tài chính - Ngân hàng, Kế toán, Logistics...)","Thỉnh thoảng, tùy năm","Sử dụng vài lần",4,5,3,4,5,5,5,4,5,5,3,3,4,4,4,5,5,5,3,4,3,NA
"Nữ","Khoa học Kỹ thuật & Công nghệ (Công nghệ thông tin, Kỹ thuật, Kiến trúc, Điện tử...)","Thỉnh thoảng, tùy năm","Chưa từng sử dụng",3,4,4,2,4,4,5,5,4,2,3,2,2,2,1,2,4,4,3,3,4,"Dạ không ạ"
"Nữ","Khoa học Kỹ thuật & Công nghệ (Công nghệ thông tin, Kỹ thuật, Kiến trúc, Điện tử...)","Thỉnh thoảng, tùy năm","Chưa từng sử dụng",2,2,2,4,4,4,2,2,2,3,3,5,5,2,3,2,3,2,2,2,2,NA
"Nữ","Kinh tế, Kinh doanh & Quản lý (Quản trị kinh doanh, Tài chính - Ngân hàng, Kế toán, Logistics...)","Thỉnh thoảng, tùy năm","Sử dụng vài lần",3,3,3,4,5,3,4,3,2,4,5,5,4,3,2,3,1,3,1,2,3,NA
"Nữ","Kinh tế, Kinh doanh & Quản lý (Quản trị kinh doanh, Tài chính - Ngân hàng, Kế toán, Logistics...)","Thỉnh thoảng, tùy năm","Sử dụng thường xuyên",5,2,5,5,3,2,3,4,5,5,5,5,3,5,4,4,5,5,2,4,4,NA
"Nữ","Kinh tế, Kinh doanh & Quản lý (Quản trị kinh doanh, Tài chính - Ngân hàng, Kế toán, Logistics...)","Thỉnh thoảng, tùy năm","Sử dụng vài lần",5,5,5,5,5,5,5,5,5,5,4,4,4,3,3,3,4,5,5,4,3,"Không có"
"Nữ","Khoa học Xã hội, Nhân văn & Ngôn ngữ (Luật, Ngôn ngữ Anh/Hàn/Trung, Tâm lý học, Báo chí...)","Thỉnh thoảng, tùy năm","Sử dụng vài lần",4,4,4,4,3,3,4,2,3,5,5,5,1,3,2,2,4,4,1,1,1,NA
"Nữ","Kinh tế, Kinh doanh & Quản lý (Quản trị kinh doanh, Tài chính - Ngân hàng, Kế toán, Logistics...)","Thỉnh thoảng, tùy năm","Sử dụng vài lần",5,4,4,5,5,5,5,5,5,4,3,4,5,4,3,5,5,4,4,4,5,"ko ạ"
"Nữ","Kinh tế, Kinh doanh & Quản lý (Quản trị kinh doanh, Tài chính - Ngân hàng, Kế toán, Logistics...)","Chưa từng bị ảnh hưởng","Sử dụng vài lần",2,2,2,4,4,4,3,4,2,4,4,4,4,4,4,3,2,3,2,2,2,"K"
"Nam","Kinh tế, Kinh doanh & Quản lý (Quản trị kinh doanh, Tài chính - Ngân hàng, Kế toán, Logistics...)","Chưa từng bị ảnh hưởng","Sử dụng vài lần",5,4,1,1,5,4,4,1,1,5,5,5,1,1,1,1,1,3,1,1,1,"Theo mình là bảo mật dữ liệu cá nhân, vì dữ liệu sức khỏe tinh thần đặc biệt nhạy cảm. Cần có các tiêu chuẩn pháp lý khắt khe và minh bạch về cách thức các hệ thống AI thu thập, lưu trữ, và chia sẻ thông tin người dùng"
"Nữ","Kinh tế, Kinh doanh & Quản lý (Quản trị kinh doanh, Tài chính - Ngân hàng, Kế toán, Logistics...)","Chưa từng bị ảnh hưởng","Sử dụng vài lần",4,3,3,4,4,3,3,3,2,3,4,2,4,2,2,4,3,3,4,3,4,NA
"Nữ","Khoa học Xã hội, Nhân văn & Ngôn ngữ (Luật, Ngôn ngữ Anh/Hàn/Trung, Tâm lý học, Báo chí...)","Chưa từng bị ảnh hưởng","Chưa từng sử dụng",4,4,4,5,5,4,4,3,3,2,4,4,5,2,2,1,1,1,1,1,1,NA
"Nữ","Kinh tế, Kinh doanh & Quản lý (Quản trị kinh doanh, Tài chính - Ngân hàng, Kế toán, Logistics...)","Thỉnh thoảng, tùy năm","Chưa từng sử dụng",4,3,5,4,2,5,4,2,3,3,4,4,4,4,2,3,4,3,3,4,3,"KHÔNG"
"Nữ","Khoa học Xã hội, Nhân văn & Ngôn ngữ (Luật, Ngôn ngữ Anh/Hàn/Trung, Tâm lý học, Báo chí...)","Hằng năm, đều đặn","Sử dụng thường xuyên",3,3,4,5,5,3,3,3,3,4,5,4,5,5,3,5,5,5,3,3,4,"Dạ không ạ"
"Nữ","Khoa học Xã hội, Nhân văn & Ngôn ngữ (Luật, Ngôn ngữ Anh/Hàn/Trung, Tâm lý học, Báo chí...)","Chưa từng bị ảnh hưởng","Chưa từng sử dụng",4,3,3,5,5,2,4,4,5,4,3,4,3,1,4,1,2,1,1,3,2,NA
"Nữ","Kinh tế, Kinh doanh & Quản lý (Quản trị kinh doanh, Tài chính - Ngân hàng, Kế toán, Logistics...)","Chưa từng bị ảnh hưởng","Sử dụng vài lần",4,4,5,4,5,5,5,5,5,3,2,4,4,2,3,4,4,2,2,4,3,"Không có"
"Nữ","Khoa học Kỹ thuật & Công nghệ (Công nghệ thông tin, Kỹ thuật, Kiến trúc, Điện tử...)","Chưa từng bị ảnh hưởng","Sử dụng vài lần",4,4,3,1,4,5,5,3,4,4,4,3,2,2,3,4,4,4,3,4,4,NA
"Nữ","Khoa học Kỹ thuật & Công nghệ (Công nghệ thông tin, Kỹ thuật, Kiến trúc, Điện tử...)","Hằng năm, đều đặn","Chưa từng sử dụng",5,5,3,5,5,5,3,3,3,2,3,2,4,3,4,3,2,2,2,3,3,NA
"Nữ","Khoa học Xã hội, Nhân văn & Ngôn ngữ (Luật, Ngôn ngữ Anh/Hàn/Trung, Tâm lý học, Báo chí...)","Thỉnh thoảng, tùy năm","Chưa từng sử dụng",5,2,3,5,4,3,3,3,3,5,5,5,4,2,2,2,2,2,2,2,2,"Khônt"
"Nữ","Kinh tế, Kinh doanh & Quản lý (Quản trị kinh doanh, Tài chính - Ngân hàng, Kế toán, Logistics...)","Thỉnh thoảng, tùy năm","Sử dụng vài lần",5,4,3,4,2,1,4,5,3,2,3,5,5,3,2,4,5,4,4,2,5,"Tôi lo ngại việc AI khen/nịnh mình quá nhiều làm bản thân không nhận ra được vấn đề hiện tại mà bản thân đang mắc phải"
"Nữ","Kinh tế, Kinh doanh & Quản lý (Quản trị kinh doanh, Tài chính - Ngân hàng, Kế toán, Logistics...)","Thỉnh thoảng, tùy năm","Sử dụng vài lần",5,3,4,5,4,2,5,3,5,2,2,1,2,1,1,4,5,5,1,4,1,NA
"Nữ","Khoa học Xã hội, Nhân văn & Ngôn ngữ (Luật, Ngôn ngữ Anh/Hàn/Trung, Tâm lý học, Báo chí...)","Chưa từng bị ảnh hưởng","Sử dụng vài lần",3,1,3,5,5,3,1,2,1,4,1,3,1,1,1,1,1,1,1,1,2,NA
"Nữ","Kinh tế, Kinh doanh & Quản lý (Quản trị kinh doanh, Tài chính - Ngân hàng, Kế toán, Logistics...)","Hằng năm, đều đặn","Sử dụng vài lần",4,3,5,4,5,3,4,4,3,3,2,3,4,3,2,2,3,3,2,4,4,NA
"Nữ","Kinh tế, Kinh doanh & Quản lý (Quản trị kinh doanh, Tài chính - Ngân hàng, Kế toán, Logistics...)","Chưa từng bị ảnh hưởng","Sử dụng vài lần",4,2,4,4,4,4,4,4,4,3,3,5,4,3,4,4,4,4,4,4,3,NA
"Nữ","Khoa học Kỹ thuật & Công nghệ (Công nghệ thông tin, Kỹ thuật, Kiến trúc, Điện tử...)","Thỉnh thoảng, tùy năm","Chưa từng sử dụng",5,3,5,5,5,4,4,4,3,4,5,5,3,3,3,3,4,4,3,3,4,"Không"
"Nữ","Kinh tế, Kinh doanh & Quản lý (Quản trị kinh doanh, Tài chính - Ngân hàng, Kế toán, Logistics...)","Hằng năm, đều đặn","Sử dụng vài lần",5,5,5,4,3,4,4,5,4,5,5,4,5,3,2,2,4,2,3,3,2,NA
"Nữ","Kinh tế, Kinh doanh & Quản lý (Quản trị kinh doanh, Tài chính - Ngân hàng, Kế toán, Logistics...)","Hằng năm, đều đặn","Chưa từng sử dụng",2,1,1,2,3,3,2,1,1,4,3,5,5,1,2,1,1,1,1,2,1,NA
"Nữ","Kinh tế, Kinh doanh & Quản lý (Quản trị kinh doanh, Tài chính - Ngân hàng, Kế toán, Logistics...)","Chưa từng bị ảnh hưởng","Sử dụng vài lần",5,3,3,5,5,4,4,4,4,4,4,4,4,4,4,4,4,4,4,4,4,NA
"Nữ","Kinh tế, Kinh doanh & Quản lý (Quản trị kinh doanh, Tài chính - Ngân hàng, Kế toán, Logistics...)","Chưa từng bị ảnh hưởng","Sử dụng vài lần",5,4,4,3,2,3,4,3,4,4,5,5,5,4,4,4,5,5,2,3,3,NA
"Nữ","Khoa học Xã hội, Nhân văn & Ngôn ngữ (Luật, Ngôn ngữ Anh/Hàn/Trung, Tâm lý học, Báo chí...)","Hằng năm, đều đặn","Sử dụng thường xuyên",4,4,4,5,5,4,5,4,4,3,4,4,4,4,4,4,5,4,2,4,3,NA
"Nữ","Kinh tế, Kinh doanh & Quản lý (Quản trị kinh doanh, Tài chính - Ngân hàng, Kế toán, Logistics...)","Hằng năm, đều đặn","Sử dụng vài lần",4,3,3,4,4,3,4,3,3,4,5,5,5,3,3,3,3,3,2,2,3,NA
"Nữ","Kinh tế, Kinh doanh & Quản lý (Quản trị kinh doanh, Tài chính - Ngân hàng, Kế toán, Logistics...)","Chưa từng bị ảnh hưởng","Chưa từng sử dụng",4,3,4,4,4,3,4,5,4,5,5,5,4,3,3,4,4,4,2,3,3,"Không có"
"Nữ","Kinh tế, Kinh doanh & Quản lý (Quản trị kinh doanh, Tài chính - Ngân hàng, Kế toán, Logistics...)","Chưa từng bị ảnh hưởng","Chưa từng sử dụng",5,2,5,5,5,4,2,1,1,5,5,5,5,3,1,1,1,1,1,1,3,"Ở góc nhìn cá nhân của mình, AI được huấn luyện và tạo nên bởi con người, về cơ bản nó cũng có thể có được sự kế thừa từ suy nghĩ, kiến thức của con người. Tuy nhiên, về khía cạnh tâm lý - cảm xúc, mình khá e ngại và có phần cảm thấy không thực sự tốt nếu dùng AI để can thiệp. Sự kết nối giữa người với người vẫn là điều luôn phải ưu tiên (không thể thay thế) đối với khía cạnh cảm xúc tinh thần. Mình cảm ơn. Chúc nhóm sẽ nhận được kết quả mong đợi và hoàn thành tốt dự án"
"Nữ","Khoa học Xã hội, Nhân văn & Ngôn ngữ (Luật, Ngôn ngữ Anh/Hàn/Trung, Tâm lý học, Báo chí...)","Chưa từng bị ảnh hưởng","Chưa từng sử dụng",5,5,5,5,5,5,5,5,5,5,5,5,5,5,5,5,5,5,5,5,5,NA
"Nữ","Kinh tế, Kinh doanh & Quản lý (Quản trị kinh doanh, Tài chính - Ngân hàng, Kế toán, Logistics...)","Thỉnh thoảng, tùy năm","Sử dụng thường xuyên",3,4,3,3,3,4,4,2,3,3,3,2,2,3,2,3,2,3,2,2,4,NA
"Nữ","Khoa học Kỹ thuật & Công nghệ (Công nghệ thông tin, Kỹ thuật, Kiến trúc, Điện tử...)","Chưa từng bị ảnh hưởng","Chưa từng sử dụng",5,5,5,5,5,5,5,5,5,1,1,2,2,3,4,3,2,3,4,4,4,"Không"
"Nữ","Khoa học Kỹ thuật & Công nghệ (Công nghệ thông tin, Kỹ thuật, Kiến trúc, Điện tử...)","Chưa từng bị ảnh hưởng","Chưa từng sử dụng",3,2,2,3,2,2,3,3,1,3,4,2,3,2,3,3,3,1,2,2,4,NA
"Nam","Kinh tế, Kinh doanh & Quản lý (Quản trị kinh doanh, Tài chính - Ngân hàng, Kế toán, Logistics...)","Chưa từng bị ảnh hưởng","Sử dụng vài lần",2,3,3,2,3,2,4,1,3,2,4,3,2,3,4,3,2,3,3,2,3,"không"
"Nữ","Kinh tế, Kinh doanh & Quản lý (Quản trị kinh doanh, Tài chính - Ngân hàng, Kế toán, Logistics...)","Thỉnh thoảng, tùy năm","Sử dụng vài lần",4,4,4,3,5,3,4,4,4,3,3,3,4,4,4,4,4,4,2,3,2,NA
"Nữ","Khoa học Xã hội, Nhân văn & Ngôn ngữ (Luật, Ngôn ngữ Anh/Hàn/Trung, Tâm lý học, Báo chí...)","Hằng năm, đều đặn","Sử dụng vài lần",4,4,2,4,4,2,2,2,5,5,4,4,4,2,2,4,4,2,1,1,2,"Mình không ạ!"
"Nữ","Kinh tế, Kinh doanh & Quản lý (Quản trị kinh doanh, Tài chính - Ngân hàng, Kế toán, Logistics...)","Thỉnh thoảng, tùy năm","Sử dụng vài lần",2,3,3,5,4,3,1,5,5,2,2,2,2,5,1,4,5,4,1,2,3,NA
"Nữ","Kinh tế, Kinh doanh & Quản lý (Quản trị kinh doanh, Tài chính - Ngân hàng, Kế toán, Logistics...)","Chưa từng bị ảnh hưởng","Chưa từng sử dụng",4,4,4,5,5,3,4,3,4,3,4,5,5,4,4,4,5,3,1,2,2,NA
"Nữ","Kinh tế, Kinh doanh & Quản lý (Quản trị kinh doanh, Tài chính - Ngân hàng, Kế toán, Logistics...)","Chưa từng bị ảnh hưởng","Chưa từng sử dụng",4,3,4,3,4,3,4,5,3,5,4,4,3,4,5,4,4,3,4,3,5,NA
"Nữ","Kinh tế, Kinh doanh & Quản lý (Quản trị kinh doanh, Tài chính - Ngân hàng, Kế toán, Logistics...)","Thỉnh thoảng, tùy năm","Sử dụng vài lần",4,4,4,4,4,4,4,4,4,4,4,4,4,4,4,4,4,4,4,4,3,"Không ạ"
"Nam","Kinh tế, Kinh doanh & Quản lý (Quản trị kinh doanh, Tài chính - Ngân hàng, Kế toán, Logistics...)","Chưa từng bị ảnh hưởng","Sử dụng vài lần",4,5,4,4,4,5,3,4,4,3,5,4,3,5,5,4,5,4,4,5,3,"Không ạ"
"Nữ","Kinh tế, Kinh doanh & Quản lý (Quản trị kinh doanh, Tài chính - Ngân hàng, Kế toán, Logistics...)","Thỉnh thoảng, tùy năm","Sử dụng vài lần",4,5,3,4,5,3,4,4,5,4,4,3,3,2,3,2,2,4,2,2,3,"Không có"
"Nữ","Kinh tế, Kinh doanh & Quản lý (Quản trị kinh doanh, Tài chính - Ngân hàng, Kế toán, Logistics...)","Thỉnh thoảng, tùy năm","Chưa từng sử dụng",4,3,4,4,4,3,5,4,2,4,4,4,4,4,2,4,2,3,2,2,3,"Không"
"Nữ","Khoa học Xã hội, Nhân văn & Ngôn ngữ (Luật, Ngôn ngữ Anh/Hàn/Trung, Tâm lý học, Báo chí...)","Chưa từng bị ảnh hưởng","Sử dụng vài lần",4,1,1,4,4,3,5,3,4,3,2,4,2,2,3,1,2,2,1,3,3,"Không"
"Nữ","Kinh tế, Kinh doanh & Quản lý (Quản trị kinh doanh, Tài chính - Ngân hàng, Kế toán, Logistics...)","Thỉnh thoảng, tùy năm","Sử dụng vài lần",4,3,4,3,4,4,5,5,4,3,2,3,2,2,2,3,2,2,1,1,1,"Mình chỉ xem AI như công cun hỗ trợ, hợp lý thì mình ghi nhớ còn ko hợp lý thì mình sẽ bỏ qua, chỉ giảm stress đôi lúc thôi"
"Nữ","Kinh tế, Kinh doanh & Quản lý (Quản trị kinh doanh, Tài chính - Ngân hàng, Kế toán, Logistics...)","Chưa từng bị ảnh hưởng","Sử dụng vài lần",3,2,5,4,4,3,3,2,3,4,1,2,5,2,4,2,2,4,1,2,1,NA
"Nữ","Kinh tế, Kinh doanh & Quản lý (Quản trị kinh doanh, Tài chính - Ngân hàng, Kế toán, Logistics...)","Chưa từng bị ảnh hưởng","Chưa từng sử dụng",5,5,5,4,5,4,5,4,5,4,5,4,5,4,5,5,4,5,5,4,5,NA
"Nữ","Kinh tế, Kinh doanh & Quản lý (Quản trị kinh doanh, Tài chính - Ngân hàng, Kế toán, Logistics...)","Chưa từng bị ảnh hưởng","Chưa từng sử dụng",5,3,5,4,4,3,5,5,5,4,5,5,4,4,3,4,3,3,2,3,3,NA
"Nữ","Kinh tế, Kinh doanh & Quản lý (Quản trị kinh doanh, Tài chính - Ngân hàng, Kế toán, Logistics...)","Thỉnh thoảng, tùy năm","Sử dụng vài lần",5,4,3,5,4,4,4,4,4,3,4,4,4,4,4,3,4,2,2,4,3,NA
"Nữ","Kinh tế, Kinh doanh & Quản lý (Quản trị kinh doanh, Tài chính - Ngân hàng, Kế toán, Logistics...)","Thỉnh thoảng, tùy năm","Sử dụng vài lần",4,5,4,3,4,5,4,3,4,4,5,4,5,4,5,4,3,4,2,2,3,"Lo ngại sự rò rỉ thông tin khi trao đổi với AI"
"Nữ","Kinh tế, Kinh doanh & Quản lý (Quản trị kinh doanh, Tài chính - Ngân hàng, Kế toán, Logistics...)","Chưa từng bị ảnh hưởng","Sử dụng vài lần",3,4,4,3,3,4,4,3,3,4,4,3,4,5,3,3,4,3,2,3,3,NA
"Nữ","Kinh tế, Kinh doanh & Quản lý (Quản trị kinh doanh, Tài chính - Ngân hàng, Kế toán, Logistics...)","Thỉnh thoảng, tùy năm","Sử dụng thường xuyên",5,5,3,3,4,4,5,4,4,2,2,3,3,2,3,2,2,1,2,3,3,NA
"Nam","Kinh tế, Kinh doanh & Quản lý (Quản trị kinh doanh, Tài chính - Ngân hàng, Kế toán, Logistics...)","Chưa từng bị ảnh hưởng","Chưa từng sử dụng",4,3,4,4,3,4,4,4,4,4,4,4,4,4,4,3,3,3,3,3,3,"Không"
"Nữ","Kinh tế, Kinh doanh & Quản lý (Quản trị kinh doanh, Tài chính - Ngân hàng, Kế toán, Logistics...)","Thỉnh thoảng, tùy năm","Sử dụng vài lần",3,3,5,5,4,4,4,3,4,3,3,3,2,3,5,5,5,5,3,3,3,"Homm"
"Nữ","Kinh tế, Kinh doanh & Quản lý (Quản trị kinh doanh, Tài chính - Ngân hàng, Kế toán, Logistics...)","Chưa từng bị ảnh hưởng","Sử dụng vài lần",2,4,3,1,3,2,2,4,3,2,3,4,1,2,3,4,2,3,3,2,3,"Mình sợ các dữ liệu cá nhân khi chia sẻ với AI bị rò rỉ"
"Nam","Khoa học Kỹ thuật & Công nghệ (Công nghệ thông tin, Kỹ thuật, Kiến trúc, Điện tử...)","Thỉnh thoảng, tùy năm","Sử dụng thường xuyên",5,5,5,5,5,5,5,5,5,5,5,5,5,5,5,5,5,5,5,5,5,NA
"Nam","Kinh tế, Kinh doanh & Quản lý (Quản trị kinh doanh, Tài chính - Ngân hàng, Kế toán, Logistics...)","Chưa từng bị ảnh hưởng","Sử dụng vài lần",3,3,3,5,4,3,5,4,4,4,4,4,4,1,1,1,1,1,2,4,2,"Vẫn cần truyền thống nhưng nên kết hợp qua trực tuyến để giảm các chi phí và tiện lợi hơn"
"Nam","Kinh tế, Kinh doanh & Quản lý (Quản trị kinh doanh, Tài chính - Ngân hàng, Kế toán, Logistics...)","Thỉnh thoảng, tùy năm","Sử dụng vài lần",5,5,4,3,3,3,4,4,4,5,5,5,4,5,5,4,5,4,4,5,5,"Không"
"Nữ","Kinh tế, Kinh doanh & Quản lý (Quản trị kinh doanh, Tài chính - Ngân hàng, Kế toán, Logistics...)","Thỉnh thoảng, tùy năm","Chưa từng sử dụng",3,2,3,2,3,2,3,2,3,2,3,2,3,2,3,2,3,2,3,2,3,NA
"Nữ","Kinh tế, Kinh doanh & Quản lý (Quản trị kinh doanh, Tài chính - Ngân hàng, Kế toán, Logistics...)","Thỉnh thoảng, tùy năm","Sử dụng vài lần",2,2,3,1,3,3,4,4,4,2,2,2,1,1,1,3,3,1,3,3,3,"em không ạ"
"Nữ","Khoa học Xã hội, Nhân văn & Ngôn ngữ (Luật, Ngôn ngữ Anh/Hàn/Trung, Tâm lý học, Báo chí...)","Chưa từng bị ảnh hưởng","Sử dụng vài lần",4,2,3,3,3,4,4,3,2,2,2,2,3,2,3,3,3,2,2,2,2,NA
"Nữ","Kinh tế, Kinh doanh & Quản lý (Quản trị kinh doanh, Tài chính - Ngân hàng, Kế toán, Logistics...)","Chưa từng bị ảnh hưởng","Sử dụng vài lần",3,4,5,3,3,2,4,4,3,5,4,5,3,3,3,3,2,3,2,3,3,"Không"
"Nữ","Kinh tế, Kinh doanh & Quản lý (Quản trị kinh doanh, Tài chính - Ngân hàng, Kế toán, Logistics...)","Chưa từng bị ảnh hưởng","Sử dụng vài lần",4,3,2,5,4,4,4,4,4,3,3,4,4,3,3,4,3,4,3,3,3,"Không có"
"Nữ","Kinh tế, Kinh doanh & Quản lý (Quản trị kinh doanh, Tài chính - Ngân hàng, Kế toán, Logistics...)","Chưa từng bị ảnh hưởng","Sử dụng vài lần",3,4,3,4,4,4,2,5,3,5,5,5,4,3,3,3,3,3,3,3,4,"không có ạ"
"Nữ","Khoa học Xã hội, Nhân văn & Ngôn ngữ (Luật, Ngôn ngữ Anh/Hàn/Trung, Tâm lý học, Báo chí...)","Chưa từng bị ảnh hưởng","Chưa từng sử dụng",3,2,4,3,5,4,3,3,2,3,2,4,2,1,4,3,4,3,1,3,2,NA
"Nữ","Kinh tế, Kinh doanh & Quản lý (Quản trị kinh doanh, Tài chính - Ngân hàng, Kế toán, Logistics...)","Thỉnh thoảng, tùy năm","Sử dụng thường xuyên",4,3,4,4,3,2,3,4,3,3,3,3,3,2,3,3,4,4,2,4,4,"Không"
"Nữ","Kinh tế, Kinh doanh & Quản lý (Quản trị kinh doanh, Tài chính - Ngân hàng, Kế toán, Logistics...)","Thỉnh thoảng, tùy năm","Sử dụng vài lần",5,4,3,5,5,3,4,3,3,4,3,3,2,1,1,3,5,1,2,3,2,"Mình lo ngại việc liệu rằng khi con người quá phụ thuộc vào AI để thực hiện các liệu trình tâm lý đôi khi sẽ gây ra những ảnh hướng khác nhau vì cơ bản AI là một trí tuệ nhân tạo mà đã là nhân tạo thì không thể có cảm xúc như con người được việc cơ bản của nó là bắt trước và vì AI luôn hướng đến việc mang đến những câu trả lời mang tích tích cực hóa nên mình cảm thấy việc sài AI cho việc chăm sóc sức khỏe không mang lại giá trị lắm."
"Nữ","Kinh tế, Kinh doanh & Quản lý (Quản trị kinh doanh, Tài chính - Ngân hàng, Kế toán, Logistics...)","Chưa từng bị ảnh hưởng","Sử dụng vài lần",4,4,5,3,3,2,5,4,3,3,2,3,4,3,5,2,1,2,2,4,5,"Không có"
"Nữ","Khoa học Xã hội, Nhân văn & Ngôn ngữ (Luật, Ngôn ngữ Anh/Hàn/Trung, Tâm lý học, Báo chí...)","Chưa từng bị ảnh hưởng","Chưa từng sử dụng",3,3,3,4,3,2,4,4,4,3,3,3,3,3,2,3,3,3,2,2,2,NA
"Nữ","Khoa học Xã hội, Nhân văn & Ngôn ngữ (Luật, Ngôn ngữ Anh/Hàn/Trung, Tâm lý học, Báo chí...)","Chưa từng bị ảnh hưởng","Sử dụng vài lần",4,4,2,5,5,3,4,3,2,3,3,4,3,4,4,4,5,4,3,2,2,"Không có."
"Nữ","Kinh tế, Kinh doanh & Quản lý (Quản trị kinh doanh, Tài chính - Ngân hàng, Kế toán, Logistics...)","Thỉnh thoảng, tùy năm","Sử dụng vài lần",5,4,5,5,4,4,5,5,5,4,5,5,4,5,4,3,4,5,2,4,5,"dạ không ạ
"
"Nam","Khoa học Kỹ thuật & Công nghệ (Công nghệ thông tin, Kỹ thuật, Kiến trúc, Điện tử...)","Chưa từng bị ảnh hưởng","Chưa từng sử dụng",4,4,4,4,4,4,4,4,4,4,4,4,4,4,4,4,4,4,4,4,4,"tui thật sự không có
"
"Nữ","Kinh tế, Kinh doanh & Quản lý (Quản trị kinh doanh, Tài chính - Ngân hàng, Kế toán, Logistics...)","Thỉnh thoảng, tùy năm","Sử dụng vài lần",4,4,4,5,5,5,4,4,4,2,2,2,4,4,1,2,2,2,2,2,2,NA
"Nam","Kinh tế, Kinh doanh & Quản lý (Quản trị kinh doanh, Tài chính - Ngân hàng, Kế toán, Logistics...)","Thỉnh thoảng, tùy năm","Sử dụng thường xuyên",4,3,5,4,4,3,5,5,3,4,4,3,5,5,5,3,4,3,4,4,5,"Em mong AI được phát triển để hỗ trợ tâm lý một cách an toàn, bảo mật và tôn trọng quyền riêng tư của người dùng. AI nên đóng vai trò hỗ trợ, không thay thế hoàn toàn các chuyên gia tâm lý, đồng thời có khả năng nhận biết các trường hợp khẩn cấp để khuyến khích người dùng tìm kiếm sự trợ giúp từ chuyên gia khi cần thiết."
"Nữ","Kinh tế, Kinh doanh & Quản lý (Quản trị kinh doanh, Tài chính - Ngân hàng, Kế toán, Logistics...)","Hằng năm, đều đặn","Sử dụng vài lần",5,4,5,3,4,4,3,4,3,4,3,2,2,3,3,3,4,4,3,3,4,"Không ạ"
"Nữ","Khoa học Xã hội, Nhân văn & Ngôn ngữ (Luật, Ngôn ngữ Anh/Hàn/Trung, Tâm lý học, Báo chí...)","Thỉnh thoảng, tùy năm","Sử dụng vài lần",4,2,4,4,4,4,3,3,3,3,2,2,2,2,1,2,2,1,1,1,3,NA
"Nữ","Kinh tế, Kinh doanh & Quản lý (Quản trị kinh doanh, Tài chính - Ngân hàng, Kế toán, Logistics...)","Thỉnh thoảng, tùy năm","Sử dụng vài lần",5,3,3,5,5,4,5,3,4,3,3,4,2,1,3,2,1,4,3,4,3,NA
"Nữ","Kinh tế, Kinh doanh & Quản lý (Quản trị kinh doanh, Tài chính - Ngân hàng, Kế toán, Logistics...)","Thỉnh thoảng, tùy năm","Sử dụng vài lần",5,5,5,3,5,3,5,5,5,5,5,5,4,2,2,3,2,2,2,4,3,NA
"Nữ","Kinh tế, Kinh doanh & Quản lý (Quản trị kinh doanh, Tài chính - Ngân hàng, Kế toán, Logistics...)","Chưa từng bị ảnh hưởng","Sử dụng vài lần",3,4,3,4,5,4,4,4,4,3,3,3,4,3,3,3,3,3,3,3,3,"không ạ"
"Nam","Khoa học Kỹ thuật & Công nghệ (Công nghệ thông tin, Kỹ thuật, Kiến trúc, Điện tử...)","Thỉnh thoảng, tùy năm","Chưa từng sử dụng",3,4,3,3,4,4,3,3,2,3,4,4,3,2,2,4,4,4,3,4,3,NA
"Nữ","Kinh tế, Kinh doanh & Quản lý (Quản trị kinh doanh, Tài chính - Ngân hàng, Kế toán, Logistics...)","Chưa từng bị ảnh hưởng","Chưa từng sử dụng",5,3,2,3,5,3,4,3,4,5,5,5,5,3,1,2,3,4,2,4,3,"AI chỉ là một công cụ, qua những dòng code AI không thể thấu hiểu được hết các cảm xúc, suy nghĩ thật sự bên trong."
"Nữ","Kinh tế, Kinh doanh & Quản lý (Quản trị kinh doanh, Tài chính - Ngân hàng, Kế toán, Logistics...)","Thỉnh thoảng, tùy năm","Sử dụng vài lần",4,4,4,3,4,3,3,4,3,4,4,3,4,3,3,4,3,4,4,3,4,NA
"Nữ","Kinh tế, Kinh doanh & Quản lý (Quản trị kinh doanh, Tài chính - Ngân hàng, Kế toán, Logistics...)","Thỉnh thoảng, tùy năm","Sử dụng vài lần",5,3,1,5,5,5,3,3,2,4,4,3,5,3,3,2,2,2,2,3,2,NA
"Nữ","Kinh tế, Kinh doanh & Quản lý (Quản trị kinh doanh, Tài chính - Ngân hàng, Kế toán, Logistics...)","Chưa từng bị ảnh hưởng","Sử dụng vài lần",3,4,4,3,4,3,3,5,4,3,3,3,3,3,3,4,5,4,2,4,3,NA
"Nữ","Khoa học Xã hội, Nhân văn & Ngôn ngữ (Luật, Ngôn ngữ Anh/Hàn/Trung, Tâm lý học, Báo chí...)","Thỉnh thoảng, tùy năm","Sử dụng vài lần",4,2,3,5,4,3,2,4,4,4,5,5,2,2,2,2,4,2,2,4,2,NA
"Nữ","Khoa học Kỹ thuật & Công nghệ (Công nghệ thông tin, Kỹ thuật, Kiến trúc, Điện tử...)","Thỉnh thoảng, tùy năm","Sử dụng vài lần",2,2,2,2,2,2,4,4,4,5,5,5,5,5,5,5,5,5,5,5,5,"Không"
"Nam","Kinh tế, Kinh doanh & Quản lý (Quản trị kinh doanh, Tài chính - Ngân hàng, Kế toán, Logistics...)","Thỉnh thoảng, tùy năm","Sử dụng vài lần",4,3,4,4,5,4,3,4,4,3,3,3,3,3,3,3,3,3,2,2,2,"Không ạ"
"Nữ","Kinh tế, Kinh doanh & Quản lý (Quản trị kinh doanh, Tài chính - Ngân hàng, Kế toán, Logistics...)","Thỉnh thoảng, tùy năm","Sử dụng vài lần",3,3,4,4,3,3,4,3,3,3,4,4,4,4,3,3,4,4,4,4,3,NA
"Nữ","Khoa học Kỹ thuật & Công nghệ (Công nghệ thông tin, Kỹ thuật, Kiến trúc, Điện tử...)","Chưa từng bị ảnh hưởng","Sử dụng vài lần",5,2,1,4,4,4,3,2,2,3,4,4,1,1,1,1,1,1,1,2,2,NA
"Nữ","Kinh tế, Kinh doanh & Quản lý (Quản trị kinh doanh, Tài chính - Ngân hàng, Kế toán, Logistics...)","Chưa từng bị ảnh hưởng","Chưa từng sử dụng",5,2,4,5,4,3,3,2,4,5,4,5,5,1,1,2,3,3,1,1,2,"Không có"
"Nam","Kinh tế, Kinh doanh & Quản lý (Quản trị kinh doanh, Tài chính - Ngân hàng, Kế toán, Logistics...)","Hằng năm, đều đặn","Sử dụng vài lần",5,5,5,5,5,5,4,5,4,3,4,3,5,4,4,4,3,4,4,3,4,NA
"Nữ","Kinh tế, Kinh doanh & Quản lý (Quản trị kinh doanh, Tài chính - Ngân hàng, Kế toán, Logistics...)","Thỉnh thoảng, tùy năm","Sử dụng vài lần",5,4,4,3,4,4,5,5,4,5,5,5,5,4,3,4,2,3,1,1,2,NA
"Nam","Khoa học Kỹ thuật & Công nghệ (Công nghệ thông tin, Kỹ thuật, Kiến trúc, Điện tử...)","Chưa từng bị ảnh hưởng","Sử dụng thường xuyên",4,4,4,4,4,4,4,4,4,4,4,4,4,4,4,4,4,4,4,4,4,NA
"Nữ","Kinh tế, Kinh doanh & Quản lý (Quản trị kinh doanh, Tài chính - Ngân hàng, Kế toán, Logistics...)","Chưa từng bị ảnh hưởng","Sử dụng vài lần",3,3,4,4,4,4,4,4,4,4,4,3,4,4,3,4,4,3,4,3,4,"không"
"Nam","Khoa học Kỹ thuật & Công nghệ (Công nghệ thông tin, Kỹ thuật, Kiến trúc, Điện tử...)","Thỉnh thoảng, tùy năm","Chưa từng sử dụng",2,3,3,4,4,4,3,3,3,3,3,3,3,3,3,3,3,3,3,3,3,NA
"Nữ","Kinh tế, Kinh doanh & Quản lý (Quản trị kinh doanh, Tài chính - Ngân hàng, Kế toán, Logistics...)","Thỉnh thoảng, tùy năm","Sử dụng thường xuyên",5,4,4,4,4,5,4,4,5,4,5,4,4,5,5,4,4,5,4,5,4,"Không ạ"
"Nữ","Khoa học Xã hội, Nhân văn & Ngôn ngữ (Luật, Ngôn ngữ Anh/Hàn/Trung, Tâm lý học, Báo chí...)","Chưa từng bị ảnh hưởng","Sử dụng vài lần",3,4,3,5,5,3,3,3,2,4,5,4,3,2,1,1,3,1,1,2,3,NA
"Nam","Kinh tế, Kinh doanh & Quản lý (Quản trị kinh doanh, Tài chính - Ngân hàng, Kế toán, Logistics...)","Thỉnh thoảng, tùy năm","Sử dụng thường xuyên",5,5,5,3,3,2,4,3,5,4,4,4,4,3,4,3,4,4,3,3,3,NA
"Nữ","Khoa học Kỹ thuật & Công nghệ (Công nghệ thông tin, Kỹ thuật, Kiến trúc, Điện tử...)","Thỉnh thoảng, tùy năm","Chưa từng sử dụng",4,4,4,3,4,3,4,4,3,3,3,3,3,3,4,3,4,2,2,3,2,"tôi nghĩ đầu tiên nên để AI hiểu rõ cuộc sống xung quanh người bị tâm lý đó"
"Nữ","Kinh tế, Kinh doanh & Quản lý (Quản trị kinh doanh, Tài chính - Ngân hàng, Kế toán, Logistics...)","Chưa từng bị ảnh hưởng","Chưa từng sử dụng",4,4,4,4,3,3,3,4,3,3,3,3,3,3,4,3,4,3,3,3,3,NA
"Nam","Khoa học Xã hội, Nhân văn & Ngôn ngữ (Luật, Ngôn ngữ Anh/Hàn/Trung, Tâm lý học, Báo chí...)","Chưa từng bị ảnh hưởng","Sử dụng vài lần",3,3,3,3,3,3,3,3,3,3,3,3,3,3,3,3,3,3,3,3,3,"Không"
"Nữ","Khoa học Xã hội, Nhân văn & Ngôn ngữ (Luật, Ngôn ngữ Anh/Hàn/Trung, Tâm lý học, Báo chí...)","Thỉnh thoảng, tùy năm","Chưa từng sử dụng",4,4,4,4,4,4,3,3,3,3,3,3,3,3,3,3,4,3,2,3,3,"không có"
"Nữ","Khoa học Xã hội, Nhân văn & Ngôn ngữ (Luật, Ngôn ngữ Anh/Hàn/Trung, Tâm lý học, Báo chí...)","Thỉnh thoảng, tùy năm","Sử dụng thường xuyên",3,3,3,3,3,3,3,3,3,3,3,3,3,3,3,3,3,3,3,3,3,NA
"Nữ","Kinh tế, Kinh doanh & Quản lý (Quản trị kinh doanh, Tài chính - Ngân hàng, Kế toán, Logistics...)","Chưa từng bị ảnh hưởng","Sử dụng vài lần",4,3,2,5,4,3,3,4,3,4,5,5,5,4,4,4,4,5,3,2,2,NA
"Nam","Khoa học Xã hội, Nhân văn & Ngôn ngữ (Luật, Ngôn ngữ Anh/Hàn/Trung, Tâm lý học, Báo chí...)","Chưa từng bị ảnh hưởng","Chưa từng sử dụng",5,5,5,5,5,5,5,5,5,5,5,5,5,5,5,5,5,5,3,4,3,"không"
"Nam","Khoa học Xã hội, Nhân văn & Ngôn ngữ (Luật, Ngôn ngữ Anh/Hàn/Trung, Tâm lý học, Báo chí...)","Hằng năm, đều đặn","Sử dụng vài lần",5,5,5,5,5,5,4,4,4,4,5,5,5,5,5,5,5,5,5,5,5,"Cảm thấy chỉ để an ủi"
"Nữ","Kinh tế, Kinh doanh & Quản lý (Quản trị kinh doanh, Tài chính - Ngân hàng, Kế toán, Logistics...)","Chưa từng bị ảnh hưởng","Sử dụng vài lần",3,3,3,3,2,1,5,3,4,2,2,5,5,5,5,5,5,5,4,5,5,NA
"Nam","Khoa học Xã hội, Nhân văn & Ngôn ngữ (Luật, Ngôn ngữ Anh/Hàn/Trung, Tâm lý học, Báo chí...)","Thỉnh thoảng, tùy năm","Chưa từng sử dụng",3,3,3,4,2,3,3,4,3,3,4,3,2,4,2,3,3,4,2,4,3,"Không"
"Nữ","Kinh tế, Kinh doanh & Quản lý (Quản trị kinh doanh, Tài chính - Ngân hàng, Kế toán, Logistics...)","Chưa từng bị ảnh hưởng","Sử dụng vài lần",5,3,3,5,5,3,3,4,4,2,1,2,1,1,1,3,3,3,2,3,2,"không"
"Nữ","Kinh tế, Kinh doanh & Quản lý (Quản trị kinh doanh, Tài chính - Ngân hàng, Kế toán, Logistics...)","Thỉnh thoảng, tùy năm","Sử dụng thường xuyên",3,4,3,3,4,5,3,3,4,3,4,4,3,4,5,4,4,5,2,4,2,NA
"Nữ","Kinh tế, Kinh doanh & Quản lý (Quản trị kinh doanh, Tài chính - Ngân hàng, Kế toán, Logistics...)","Chưa từng bị ảnh hưởng","Chưa từng sử dụng",5,1,2,5,4,3,4,4,5,4,3,2,5,4,3,5,3,5,2,3,3,"Lo ngại về việc những cảm xúc tiêu cực có thể bị dòng lệnh không cảm xúc của AI làm cho tiêu cực, trầm trọng hơn"
"Nam","Kinh tế, Kinh doanh & Quản lý (Quản trị kinh doanh, Tài chính - Ngân hàng, Kế toán, Logistics...)","Hằng năm, đều đặn","Sử dụng vài lần",4,4,4,3,3,3,3,3,3,4,4,4,4,4,4,4,4,4,4,4,4,NA
"Nữ","Kinh tế, Kinh doanh & Quản lý (Quản trị kinh doanh, Tài chính - Ngân hàng, Kế toán, Logistics...)","Thỉnh thoảng, tùy năm","Sử dụng vài lần",4,4,4,3,4,4,5,5,3,4,5,5,3,2,2,3,2,3,1,1,1,"Không"
"Nữ","Kinh tế, Kinh doanh & Quản lý (Quản trị kinh doanh, Tài chính - Ngân hàng, Kế toán, Logistics...)","Thỉnh thoảng, tùy năm","Sử dụng vài lần",1,1,2,4,4,4,5,3,3,4,4,4,2,1,2,4,2,4,1,4,3,"Dạ không ạ."
"Nam","Khoa học Kỹ thuật & Công nghệ (Công nghệ thông tin, Kỹ thuật, Kiến trúc, Điện tử...)","Chưa từng bị ảnh hưởng","Sử dụng vài lần",4,4,4,3,4,3,4,3,3,4,4,4,2,2,2,2,3,3,1,2,3,NA
"Nữ","Khoa học Xã hội, Nhân văn & Ngôn ngữ (Luật, Ngôn ngữ Anh/Hàn/Trung, Tâm lý học, Báo chí...)","Thỉnh thoảng, tùy năm","Sử dụng thường xuyên",4,4,3,3,3,2,4,3,4,3,3,4,4,3,3,3,3,3,3,4,3,"Có thể chia sẻ mọi thông tin với AI nhưng bác sĩ thì không. Vì con người ai cũng có cảm xúc chie là có điều khiển nó tốt hay không. Bác sĩ cũng vậy, họ kiểm soát cảm xúc của họ và cả bệnh nhân. Nhưng AI không có cảm xúc khiến việc trò chuyện của tôi không bị e dè"
"Nữ","Kinh tế, Kinh doanh & Quản lý (Quản trị kinh doanh, Tài chính - Ngân hàng, Kế toán, Logistics...)","Chưa từng bị ảnh hưởng","Chưa từng sử dụng",5,4,5,4,4,5,4,5,4,3,3,4,3,4,3,5,4,5,3,5,4,NA
"Nữ","Kinh tế, Kinh doanh & Quản lý (Quản trị kinh doanh, Tài chính - Ngân hàng, Kế toán, Logistics...)","Chưa từng bị ảnh hưởng","Sử dụng thường xuyên",3,4,5,4,4,3,4,5,4,3,2,2,3,4,4,2,5,3,1,5,3,"không ạ"
"Nam","Khoa học Xã hội, Nhân văn & Ngôn ngữ (Luật, Ngôn ngữ Anh/Hàn/Trung, Tâm lý học, Báo chí...)","Thỉnh thoảng, tùy năm","Chưa từng sử dụng",3,2,1,3,3,3,3,3,1,3,3,3,3,3,3,3,3,3,3,3,3,"không"
"Nữ","Kinh tế, Kinh doanh & Quản lý (Quản trị kinh doanh, Tài chính - Ngân hàng, Kế toán, Logistics...)","Chưa từng bị ảnh hưởng","Sử dụng thường xuyên",5,5,5,5,5,5,5,5,5,5,5,5,5,5,5,5,5,5,5,5,5,"da khong"
"Nữ","Kinh tế, Kinh doanh & Quản lý (Quản trị kinh doanh, Tài chính - Ngân hàng, Kế toán, Logistics...)","Thỉnh thoảng, tùy năm","Chưa từng sử dụng",4,3,4,4,3,3,3,4,3,4,4,4,3,2,2,3,4,3,2,3,2,"Không"
"Nữ","Kinh tế, Kinh doanh & Quản lý (Quản trị kinh doanh, Tài chính - Ngân hàng, Kế toán, Logistics...)","Thỉnh thoảng, tùy năm","Sử dụng thường xuyên",4,4,4,3,3,3,4,5,5,3,3,3,4,4,4,3,3,4,4,4,4,"Tôi lo việc mình sẽ bị phụ thuộc vào AI như một công cụ để điều tiết cảm xúc - thay vì các hành vi khác lành mạnh và có tính bền vững hơn."
"Nữ","Kinh tế, Kinh doanh & Quản lý (Quản trị kinh doanh, Tài chính - Ngân hàng, Kế toán, Logistics...)","Hằng năm, đều đặn","Sử dụng vài lần",4,5,4,4,5,4,3,4,5,5,3,4,4,5,5,4,4,3,3,4,3,"Tôi lo lắng việc bị lộ thông tin từ những chia sẻ tâm lý của bản thân với chatbox"
"Nam","Khoa học Xã hội, Nhân văn & Ngôn ngữ (Luật, Ngôn ngữ Anh/Hàn/Trung, Tâm lý học, Báo chí...)","Chưa từng bị ảnh hưởng","Sử dụng thường xuyên",3,4,5,5,5,2,5,3,4,3,5,5,5,5,5,4,5,5,2,5,4,"Không ạ"
"Nữ","Kinh tế, Kinh doanh & Quản lý (Quản trị kinh doanh, Tài chính - Ngân hàng, Kế toán, Logistics...)","Hằng năm, đều đặn","Sử dụng vài lần",3,4,4,3,4,3,3,4,3,4,4,3,3,4,4,3,4,3,2,3,3,NA
"Nam","Kinh tế, Kinh doanh & Quản lý (Quản trị kinh doanh, Tài chính - Ngân hàng, Kế toán, Logistics...)","Chưa từng bị ảnh hưởng","Sử dụng vài lần",4,2,4,4,4,4,3,3,4,3,3,2,2,1,1,2,4,3,2,2,2,NA
"Nữ","Kinh tế, Kinh doanh & Quản lý (Quản trị kinh doanh, Tài chính - Ngân hàng, Kế toán, Logistics...)","Chưa từng bị ảnh hưởng","Chưa từng sử dụng",5,3,2,2,4,3,2,2,3,5,5,5,5,1,1,2,1,1,1,1,1,"Không"
"Nữ","Kinh tế, Kinh doanh & Quản lý (Quản trị kinh doanh, Tài chính - Ngân hàng, Kế toán, Logistics...)","Chưa từng bị ảnh hưởng","Sử dụng thường xuyên",3,3,3,2,4,4,3,2,3,3,3,3,3,2,3,3,3,3,3,2,3,NA
"Nam","Khoa học Kỹ thuật & Công nghệ (Công nghệ thông tin, Kỹ thuật, Kiến trúc, Điện tử...)","Chưa từng bị ảnh hưởng","Sử dụng vài lần",3,4,2,4,4,3,4,3,4,3,3,3,4,2,2,2,2,2,2,2,2,"không"
"Nữ","Khoa học Xã hội, Nhân văn & Ngôn ngữ (Luật, Ngôn ngữ Anh/Hàn/Trung, Tâm lý học, Báo chí...)","Chưa từng bị ảnh hưởng","Sử dụng vài lần",4,4,4,5,5,3,5,5,5,4,4,4,5,5,5,5,5,5,1,1,1,"chưa có"
"Nữ","Kinh tế, Kinh doanh & Quản lý (Quản trị kinh doanh, Tài chính - Ngân hàng, Kế toán, Logistics...)","Thỉnh thoảng, tùy năm","Chưa từng sử dụng",5,1,3,5,1,4,4,4,4,3,3,3,4,3,1,1,1,1,3,3,3,NA
"Nam","Kinh tế, Kinh doanh & Quản lý (Quản trị kinh doanh, Tài chính - Ngân hàng, Kế toán, Logistics...)","Hằng năm, đều đặn","Sử dụng vài lần",3,4,4,4,4,4,5,5,3,4,3,3,4,4,2,3,3,2,3,4,3,NA
"Nam","Kinh tế, Kinh doanh & Quản lý (Quản trị kinh doanh, Tài chính - Ngân hàng, Kế toán, Logistics...)","Thỉnh thoảng, tùy năm","Sử dụng vài lần",4,4,4,4,4,4,4,3,4,4,4,4,3,2,3,4,4,3,2,3,3,NA
"Nam","Kinh tế, Kinh doanh & Quản lý (Quản trị kinh doanh, Tài chính - Ngân hàng, Kế toán, Logistics...)","Chưa từng bị ảnh hưởng","Sử dụng thường xuyên",5,3,5,4,4,4,5,5,5,4,5,5,4,2,3,5,5,5,3,3,3,"Dạ không có ạ"
"Nữ","Kinh tế, Kinh doanh & Quản lý (Quản trị kinh doanh, Tài chính - Ngân hàng, Kế toán, Logistics...)","Chưa từng bị ảnh hưởng","Sử dụng thường xuyên",4,5,4,4,4,4,5,5,4,4,5,4,4,4,5,4,5,5,4,5,4,"Không"
"Nữ","Khoa học Xã hội, Nhân văn & Ngôn ngữ (Luật, Ngôn ngữ Anh/Hàn/Trung, Tâm lý học, Báo chí...)","Chưa từng bị ảnh hưởng","Sử dụng vài lần",4,3,4,4,4,4,4,4,4,4,4,4,4,4,4,3,4,4,4,4,4,"Dạ không"
"Nữ","Kinh tế, Kinh doanh & Quản lý (Quản trị kinh doanh, Tài chính - Ngân hàng, Kế toán, Logistics...)","Chưa từng bị ảnh hưởng","Sử dụng vài lần",5,4,5,2,4,3,5,5,5,2,2,2,3,2,3,3,3,3,2,3,3,"hong"
"Nữ","Khoa học Kỹ thuật & Công nghệ (Công nghệ thông tin, Kỹ thuật, Kiến trúc, Điện tử...)","Hằng năm, đều đặn","Sử dụng vài lần",5,5,5,4,4,4,5,5,5,5,5,5,5,5,5,5,5,5,3,3,3,"Dạ không"
"Nữ","Kinh tế, Kinh doanh & Quản lý (Quản trị kinh doanh, Tài chính - Ngân hàng, Kế toán, Logistics...)","Thỉnh thoảng, tùy năm","Sử dụng vài lần",3,3,3,4,3,3,3,3,2,4,5,5,3,4,2,3,5,5,1,1,3,NA
"Nữ","Khoa học Kỹ thuật & Công nghệ (Công nghệ thông tin, Kỹ thuật, Kiến trúc, Điện tử...)","Thỉnh thoảng, tùy năm","Chưa từng sử dụng",3,3,3,4,4,3,3,3,3,3,3,4,3,2,2,2,2,2,2,2,2,"Không"
"Nữ","Kinh tế, Kinh doanh & Quản lý (Quản trị kinh doanh, Tài chính - Ngân hàng, Kế toán, Logistics...)","Chưa từng bị ảnh hưởng","Sử dụng vài lần",5,5,5,5,5,5,5,5,5,5,5,5,5,5,5,5,5,5,5,5,5,"ko"
"Nữ","Khoa học Kỹ thuật & Công nghệ (Công nghệ thông tin, Kỹ thuật, Kiến trúc, Điện tử...)","Chưa từng bị ảnh hưởng","Sử dụng thường xuyên",3,3,4,3,3,3,3,4,4,2,3,2,2,3,2,2,2,2,2,3,3,"không có"
"Nữ","Kinh tế, Kinh doanh & Quản lý (Quản trị kinh doanh, Tài chính - Ngân hàng, Kế toán, Logistics...)","Chưa từng bị ảnh hưởng","Sử dụng vài lần",5,4,3,4,4,3,4,4,4,4,3,4,4,4,2,3,3,4,1,2,2,NA
"Nữ","Kinh tế, Kinh doanh & Quản lý (Quản trị kinh doanh, Tài chính - Ngân hàng, Kế toán, Logistics...)","Chưa từng bị ảnh hưởng","Sử dụng vài lần",5,3,3,4,5,4,5,3,5,4,5,4,4,2,2,3,3,3,2,4,3,NA
"Nữ","Kinh tế, Kinh doanh & Quản lý (Quản trị kinh doanh, Tài chính - Ngân hàng, Kế toán, Logistics...)","Thỉnh thoảng, tùy năm","Sử dụng vài lần",4,4,4,4,4,4,4,4,4,4,4,4,4,4,4,4,4,4,4,4,4,NA
"Nữ","Kinh tế, Kinh doanh & Quản lý (Quản trị kinh doanh, Tài chính - Ngân hàng, Kế toán, Logistics...)","Chưa từng bị ảnh hưởng","Sử dụng vài lần",4,4,4,4,4,4,3,3,3,3,3,3,3,3,3,3,3,3,3,3,3,NA
"Nữ","Kinh tế, Kinh doanh & Quản lý (Quản trị kinh doanh, Tài chính - Ngân hàng, Kế toán, Logistics...)","Thỉnh thoảng, tùy năm","Sử dụng vài lần",4,4,4,4,4,4,5,5,4,5,4,5,4,5,4,4,4,4,5,4,5,"không AI đang làm rất tốt"
"Nữ","Kinh tế, Kinh doanh & Quản lý (Quản trị kinh doanh, Tài chính - Ngân hàng, Kế toán, Logistics...)","Thỉnh thoảng, tùy năm","Sử dụng vài lần",3,3,3,3,3,3,3,3,3,3,3,3,3,3,3,3,3,3,3,3,3,NA
"Nữ","Kinh tế, Kinh doanh & Quản lý (Quản trị kinh doanh, Tài chính - Ngân hàng, Kế toán, Logistics...)","Thỉnh thoảng, tùy năm","Sử dụng vài lần",5,5,4,5,5,4,3,4,3,3,4,4,2,1,1,3,1,2,1,1,4,NA
"Nữ","Kinh tế, Kinh doanh & Quản lý (Quản trị kinh doanh, Tài chính - Ngân hàng, Kế toán, Logistics...)","Thỉnh thoảng, tùy năm","Sử dụng thường xuyên",3,4,4,3,4,2,4,4,4,2,2,3,2,3,5,4,2,3,3,4,3,"Mình chỉ muốn đưa ra trải nghiệm của bản thân trong quá trình sử dụng AI trong chăm sóc sức khỏe tinh thần, mình đã sử dụng AI chăm sóc sức khỏe tinh thần một thời gian cũng kha khá và mình không nghĩ nó khiến cho mình tệ đi, nó giúp cho mình nhìn sâu vào tâm hồn mình, hiểu được mình đang trải qua những gì và gọi tên được chính cảm xúc của mình, vì vậy mà nó giúp mình ổn định hơn được nhiều lắm. Mình không thấy nó có biểu hiện tiêu cực nào trong việc xúi giục mình làm các hành vi gì hay khiến cho mình chìm sâu vào tinh thần tiêu cực của mình cả, cụ thể sau khi an ủi mình xong thì nó sẽ bảo thêm là ""mình cũng muốn nhắc cho bạn là..."" kiểu đưa mình về thực tại í, nên mình nghĩ nó khá là tốt để sử dụng đấy chứ (mình sử dụng Chat GPT). Bên cạnh đó thì 1 lần mình có chia sẻ mình muốn biến mất thì có một thông báo hiện lên đại loại là nếu bạn có suy nghĩ về 44, hãy liên hệ với chăm sóc sức khỏe gì đó và có thông tin liên lạc luôn, mình lạc đâu mất rùi nên cũng không thể chi tiết cho bạn được. Mình chọn đưa ra trải nghiệm này vì mình thật sự khảo sát và cảm thấy các câu nhận định trên đưa ra khá nhiều cái nhìn tiêu cực về việc sử dụng AI trong chăm sóc sức khỏe tinh thần. Nếu bạn đọc đến đây thì cảm ơn bạn đã trân trọng ý kiến mình nhé, chúc bạn có một bài nghiên cứu thật tốt."
"Nữ","Khoa học Kỹ thuật & Công nghệ (Công nghệ thông tin, Kỹ thuật, Kiến trúc, Điện tử...)","Thỉnh thoảng, tùy năm","Chưa từng sử dụng",1,2,2,5,5,4,4,3,3,5,5,4,3,1,3,3,4,2,2,2,2,NA
"Nữ","Kinh tế, Kinh doanh & Quản lý (Quản trị kinh doanh, Tài chính - Ngân hàng, Kế toán, Logistics...)","Thỉnh thoảng, tùy năm","Sử dụng vài lần",5,4,4,3,3,3,4,4,4,4,4,4,4,4,4,4,4,4,4,4,4,"không"
"Nữ","Khoa học Xã hội, Nhân văn & Ngôn ngữ (Luật, Ngôn ngữ Anh/Hàn/Trung, Tâm lý học, Báo chí...)","Chưa từng bị ảnh hưởng","Sử dụng thường xuyên",3,4,4,4,4,4,5,3,4,3,2,2,4,5,3,2,1,2,1,4,3,NA
"Nữ","Khoa học Xã hội, Nhân văn & Ngôn ngữ (Luật, Ngôn ngữ Anh/Hàn/Trung, Tâm lý học, Báo chí...)","Thỉnh thoảng, tùy năm","Sử dụng vài lần",2,2,3,4,5,2,3,2,2,4,2,3,2,3,2,1,2,2,1,1,1,NA
"Nữ","Kinh tế, Kinh doanh & Quản lý (Quản trị kinh doanh, Tài chính - Ngân hàng, Kế toán, Logistics...)","Chưa từng bị ảnh hưởng","Chưa từng sử dụng",4,4,4,4,4,4,4,4,4,4,5,5,4,4,4,4,4,4,4,4,4,NA
"Nữ","Khoa học Xã hội, Nhân văn & Ngôn ngữ (Luật, Ngôn ngữ Anh/Hàn/Trung, Tâm lý học, Báo chí...)","Thỉnh thoảng, tùy năm","Sử dụng vài lần",3,4,3,4,4,5,4,4,4,4,3,3,4,4,1,4,3,2,2,2,2,"không"
"Nữ","Kinh tế, Kinh doanh & Quản lý (Quản trị kinh doanh, Tài chính - Ngân hàng, Kế toán, Logistics...)","Chưa từng bị ảnh hưởng","Sử dụng vài lần",5,4,4,3,2,3,4,4,4,5,4,4,5,5,4,4,5,4,4,4,4,"ko ạ"
"Nam","Kinh tế, Kinh doanh & Quản lý (Quản trị kinh doanh, Tài chính - Ngân hàng, Kế toán, Logistics...)","Chưa từng bị ảnh hưởng","Sử dụng vài lần",2,2,4,4,4,4,4,4,4,2,2,2,2,3,2,2,2,2,2,2,2,"Dạ không ạ"
"Nữ","Kinh tế, Kinh doanh & Quản lý (Quản trị kinh doanh, Tài chính - Ngân hàng, Kế toán, Logistics...)","Chưa từng bị ảnh hưởng","Chưa từng sử dụng",4,3,2,5,5,4,2,2,4,3,4,4,4,3,3,2,3,4,2,2,2,"Không ạ"
"Nữ","Kinh tế, Kinh doanh & Quản lý (Quản trị kinh doanh, Tài chính - Ngân hàng, Kế toán, Logistics...)","Thỉnh thoảng, tùy năm","Sử dụng vài lần",3,4,3,4,3,4,3,4,3,4,3,4,3,4,3,4,3,4,3,4,3,"Không ạ"
"Nữ","Khoa học Xã hội, Nhân văn & Ngôn ngữ (Luật, Ngôn ngữ Anh/Hàn/Trung, Tâm lý học, Báo chí...)","Thỉnh thoảng, tùy năm","Sử dụng thường xuyên",5,5,3,5,4,3,5,3,4,3,2,4,1,2,3,2,1,4,2,4,4,"Không có"
"Nam","Khoa học Xã hội, Nhân văn & Ngôn ngữ (Luật, Ngôn ngữ Anh/Hàn/Trung, Tâm lý học, Báo chí...)","Thỉnh thoảng, tùy năm","Chưa từng sử dụng",3,2,4,5,5,2,3,2,3,3,1,2,4,1,1,3,3,3,2,2,3,"không có"
"Nữ","Kinh tế, Kinh doanh & Quản lý (Quản trị kinh doanh, Tài chính - Ngân hàng, Kế toán, Logistics...)","Thỉnh thoảng, tùy năm","Sử dụng vài lần",5,3,4,4,2,2,5,4,4,2,2,5,4,2,2,2,3,5,2,3,4,"Dạ em/mình không có ạ."
"Nữ","Khoa học Xã hội, Nhân văn & Ngôn ngữ (Luật, Ngôn ngữ Anh/Hàn/Trung, Tâm lý học, Báo chí...)","Thỉnh thoảng, tùy năm","Sử dụng vài lần",3,2,4,3,4,3,4,3,3,3,4,4,3,2,2,3,3,4,3,3,3,NA
"Nữ","Kinh tế, Kinh doanh & Quản lý (Quản trị kinh doanh, Tài chính - Ngân hàng, Kế toán, Logistics...)","Thỉnh thoảng, tùy năm","Sử dụng vài lần",5,4,5,5,4,3,4,4,3,4,5,5,5,5,3,4,5,3,2,3,2,NA
"Nữ","Khoa học Tự nhiên, Y dược & Khác (Y, Dược, Sinh học, Hóa học, Sức khỏe...)","Chưa từng bị ảnh hưởng","Sử dụng thường xuyên",4,5,3,4,4,2,3,5,5,2,1,2,2,4,5,2,1,1,2,5,4,NA
"Nữ","Kinh tế, Kinh doanh & Quản lý (Quản trị kinh doanh, Tài chính - Ngân hàng, Kế toán, Logistics...)","Chưa từng bị ảnh hưởng","Sử dụng thường xuyên",5,5,5,5,4,3,5,3,5,2,2,2,3,4,1,5,4,5,1,5,2,NA
"Nam","Kinh tế, Kinh doanh & Quản lý (Quản trị kinh doanh, Tài chính - Ngân hàng, Kế toán, Logistics...)","Chưa từng bị ảnh hưởng","Sử dụng vài lần",3,3,3,3,3,3,3,3,3,3,3,3,3,3,3,3,3,3,3,3,3,"không ạ"
"Nữ","Kinh tế, Kinh doanh & Quản lý (Quản trị kinh doanh, Tài chính - Ngân hàng, Kế toán, Logistics...)","Chưa từng bị ảnh hưởng","Chưa từng sử dụng",5,4,4,5,5,3,4,3,3,5,5,5,5,3,4,4,4,4,4,4,4,"Không"
"Nữ","Kinh tế, Kinh doanh & Quản lý (Quản trị kinh doanh, Tài chính - Ngân hàng, Kế toán, Logistics...)","Chưa từng bị ảnh hưởng","Sử dụng vài lần",4,3,5,3,3,3,4,4,4,3,3,2,2,3,2,4,3,4,2,3,3,"Không"
"Nữ","Kinh tế, Kinh doanh & Quản lý (Quản trị kinh doanh, Tài chính - Ngân hàng, Kế toán, Logistics...)","Chưa từng bị ảnh hưởng","Sử dụng vài lần",4,5,3,3,3,2,3,5,5,3,2,2,3,4,2,4,4,3,4,2,3,"Không có"
"Nữ","Kinh tế, Kinh doanh & Quản lý (Quản trị kinh doanh, Tài chính - Ngân hàng, Kế toán, Logistics...)","Chưa từng bị ảnh hưởng","Chưa từng sử dụng",1,1,5,3,4,3,2,2,2,5,5,5,4,1,5,2,2,2,1,3,3,"Sự tham vấn từ AI có thể làm sai lệch nhận thức về tình hình sức khỏe tinh thần của một số cá nhân, khi sự tư vấn từ AI chỉ dựa trên thông tin chung thay vì cá nhân hóa sự tham vấn để phù hợp với từng đối tượng."
"Nữ","Kinh tế, Kinh doanh & Quản lý (Quản trị kinh doanh, Tài chính - Ngân hàng, Kế toán, Logistics...)","Chưa từng bị ảnh hưởng","Sử dụng vài lần",5,3,2,4,5,3,5,3,4,3,4,5,2,3,4,4,3,4,2,4,3,NA
"Nữ","Kinh tế, Kinh doanh & Quản lý (Quản trị kinh doanh, Tài chính - Ngân hàng, Kế toán, Logistics...)","Chưa từng bị ảnh hưởng","Sử dụng vài lần",3,4,2,4,2,2,3,4,2,1,2,3,3,2,3,1,2,5,2,3,4,"Mình kỳ vọng AI có thể hỗ trợ người dùng tiếp cận các nguồn hỗ trợ sức khỏe tinh thần nhanh chóng, chi phí hợp lý và luôn sẵn sàng khi cần. Tuy nhiên, mình cũng lo ngại về độ chính xác của lời khuyên, khả năng AI hiểu sai cảm xúc hoặc hoàn cảnh cá nhân, cũng như vấn đề bảo mật dữ liệu và quyền riêng tư. Theo mình, AI nên đóng vai trò hỗ trợ, không thay thế hoàn toàn các chuyên gia tâm lý, đặc biệt trong những trường hợp nghiêm trọng."
"Nữ","Khoa học Xã hội, Nhân văn & Ngôn ngữ (Luật, Ngôn ngữ Anh/Hàn/Trung, Tâm lý học, Báo chí...)","Thỉnh thoảng, tùy năm","Chưa từng sử dụng",5,2,3,3,4,3,4,4,4,2,2,3,2,2,2,2,3,3,2,3,3,NA
"Nữ","Khoa học Xã hội, Nhân văn & Ngôn ngữ (Luật, Ngôn ngữ Anh/Hàn/Trung, Tâm lý học, Báo chí...)","Chưa từng bị ảnh hưởng","Sử dụng vài lần",4,3,5,3,3,4,4,3,3,3,3,3,4,3,4,3,4,3,3,3,3,"Vấn đề bảo mật dữ liệu"
"Nữ","Kinh tế, Kinh doanh & Quản lý (Quản trị kinh doanh, Tài chính - Ngân hàng, Kế toán, Logistics...)","Thỉnh thoảng, tùy năm","Sử dụng vài lần",4,5,3,5,4,3,4,3,2,4,5,5,4,2,2,3,5,3,3,1,2,NA
"Nữ","Kinh tế, Kinh doanh & Quản lý (Quản trị kinh doanh, Tài chính - Ngân hàng, Kế toán, Logistics...)","Chưa từng bị ảnh hưởng","Chưa từng sử dụng",4,3,4,5,5,3,4,5,3,4,5,5,3,3,2,2,3,3,2,4,3,NA
"Nữ","Kinh tế, Kinh doanh & Quản lý (Quản trị kinh doanh, Tài chính - Ngân hàng, Kế toán, Logistics...)","Thỉnh thoảng, tùy năm","Sử dụng vài lần",5,5,5,5,5,5,5,5,5,5,5,5,5,5,5,5,5,5,4,4,4,"Tôi thấy AI phán tôi bệnh nặng hơn thực tế, vd như là bệnh K"
"Nữ","Kinh tế, Kinh doanh & Quản lý (Quản trị kinh doanh, Tài chính - Ngân hàng, Kế toán, Logistics...)","Chưa từng bị ảnh hưởng","Chưa từng sử dụng",4,2,3,2,2,3,3,4,4,2,2,2,3,2,3,3,3,3,2,3,4,NA
"Nữ","Khoa học Xã hội, Nhân văn & Ngôn ngữ (Luật, Ngôn ngữ Anh/Hàn/Trung, Tâm lý học, Báo chí...)","Thỉnh thoảng, tùy năm","Sử dụng thường xuyên",3,5,3,3,3,3,3,4,5,4,4,4,4,2,3,3,2,4,3,2,2,"Không"
"Nam","Kinh tế, Kinh doanh & Quản lý (Quản trị kinh doanh, Tài chính - Ngân hàng, Kế toán, Logistics...)","Thỉnh thoảng, tùy năm","Chưa từng sử dụng",4,4,3,4,3,3,4,3,3,4,4,4,4,2,3,3,3,4,4,4,2,"không ạ"
"Nữ","Khoa học Kỹ thuật & Công nghệ (Công nghệ thông tin, Kỹ thuật, Kiến trúc, Điện tử...)","Hằng năm, đều đặn","Sử dụng vài lần",3,4,3,4,4,4,3,4,2,4,4,3,2,2,2,2,4,2,2,2,2,NA
"Nữ","Kinh tế, Kinh doanh & Quản lý (Quản trị kinh doanh, Tài chính - Ngân hàng, Kế toán, Logistics...)","Hằng năm, đều đặn","Sử dụng vài lần",4,4,4,4,4,4,4,4,4,4,4,4,4,4,4,4,3,3,3,3,2,"Không có"
"Nữ","Khoa học Xã hội, Nhân văn & Ngôn ngữ (Luật, Ngôn ngữ Anh/Hàn/Trung, Tâm lý học, Báo chí...)","Chưa từng bị ảnh hưởng","Chưa từng sử dụng",5,5,5,5,5,5,5,5,5,5,5,5,5,5,5,5,5,5,5,4,3,"Tính chính xác"
"Nữ","Kinh tế, Kinh doanh & Quản lý (Quản trị kinh doanh, Tài chính - Ngân hàng, Kế toán, Logistics...)","Thỉnh thoảng, tùy năm","Chưa từng sử dụng",5,5,5,3,5,3,5,5,5,3,3,3,3,3,3,3,3,3,3,3,3,"Không"
"Nam","Kinh tế, Kinh doanh & Quản lý (Quản trị kinh doanh, Tài chính - Ngân hàng, Kế toán, Logistics...)","Thỉnh thoảng, tùy năm","Chưa từng sử dụng",4,3,5,5,4,4,4,3,5,5,5,4,4,5,4,4,5,5,4,4,4,NA
"Nam","Kinh tế, Kinh doanh & Quản lý (Quản trị kinh doanh, Tài chính - Ngân hàng, Kế toán, Logistics...)","Chưa từng bị ảnh hưởng","Sử dụng vài lần",4,4,4,5,5,4,3,4,4,4,4,4,4,3,2,3,3,3,4,4,4,"Không"
"Nữ","Kinh tế, Kinh doanh & Quản lý (Quản trị kinh doanh, Tài chính - Ngân hàng, Kế toán, Logistics...)","Thỉnh thoảng, tùy năm","Sử dụng vài lần",4,5,4,5,5,5,5,5,5,3,3,3,5,5,1,5,5,5,3,5,5,NA
"Nữ","Kinh tế, Kinh doanh & Quản lý (Quản trị kinh doanh, Tài chính - Ngân hàng, Kế toán, Logistics...)","Chưa từng bị ảnh hưởng","Sử dụng thường xuyên",3,4,5,5,5,5,3,5,5,1,1,3,4,5,3,2,5,2,1,4,2,NA
"Nữ","Khoa học Xã hội, Nhân văn & Ngôn ngữ (Luật, Ngôn ngữ Anh/Hàn/Trung, Tâm lý học, Báo chí...)","Chưa từng bị ảnh hưởng","Chưa từng sử dụng",1,1,4,4,4,3,4,4,4,5,5,5,5,1,1,1,1,1,1,1,1,NA
"Nữ","Kinh tế, Kinh doanh & Quản lý (Quản trị kinh doanh, Tài chính - Ngân hàng, Kế toán, Logistics...)","Chưa từng bị ảnh hưởng","Chưa từng sử dụng",3,1,3,4,4,4,1,1,1,2,2,3,1,1,1,1,1,1,1,1,1,NA
"Nữ","Kinh tế, Kinh doanh & Quản lý (Quản trị kinh doanh, Tài chính - Ngân hàng, Kế toán, Logistics...)","Chưa từng bị ảnh hưởng","Sử dụng thường xuyên",5,3,5,5,5,3,5,4,3,3,2,2,4,4,5,3,3,3,3,5,5,"không"
"Nữ","Kinh tế, Kinh doanh & Quản lý (Quản trị kinh doanh, Tài chính - Ngân hàng, Kế toán, Logistics...)","Chưa từng bị ảnh hưởng","Sử dụng vài lần",4,5,4,3,3,4,4,5,4,5,4,4,4,3,4,5,4,4,4,5,4,NA
"Nữ","Kinh tế, Kinh doanh & Quản lý (Quản trị kinh doanh, Tài chính - Ngân hàng, Kế toán, Logistics...)","Hằng năm, đều đặn","Chưa từng sử dụng",5,5,5,2,2,2,2,2,2,3,3,3,4,4,4,4,4,4,3,3,3,"không ạ"
"Nữ","Kinh tế, Kinh doanh & Quản lý (Quản trị kinh doanh, Tài chính - Ngân hàng, Kế toán, Logistics...)","Hằng năm, đều đặn","Chưa từng sử dụng",4,3,5,2,3,2,2,4,3,3,3,4,3,4,4,2,2,4,3,3,4,"Không"
"Nữ","Khoa học Xã hội, Nhân văn & Ngôn ngữ (Luật, Ngôn ngữ Anh/Hàn/Trung, Tâm lý học, Báo chí...)","Thỉnh thoảng, tùy năm","Sử dụng vài lần",4,3,3,5,4,3,3,4,3,3,4,4,4,2,3,2,2,4,2,2,3,NA
"Nam","Kinh tế, Kinh doanh & Quản lý (Quản trị kinh doanh, Tài chính - Ngân hàng, Kế toán, Logistics...)","Thỉnh thoảng, tùy năm","Chưa từng sử dụng",4,3,3,4,4,3,4,4,4,3,4,4,4,4,4,3,4,4,3,3,3,"Không có"
"Nam","Kinh tế, Kinh doanh & Quản lý (Quản trị kinh doanh, Tài chính - Ngân hàng, Kế toán, Logistics...)","Thỉnh thoảng, tùy năm","Chưa từng sử dụng",4,4,3,4,4,3,4,4,3,4,3,4,4,4,4,3,4,4,4,3,4,"Không"
"Nữ","Kinh tế, Kinh doanh & Quản lý (Quản trị kinh doanh, Tài chính - Ngân hàng, Kế toán, Logistics...)","Chưa từng bị ảnh hưởng","Sử dụng vài lần",4,4,5,5,5,4,5,5,4,3,3,2,2,3,4,3,4,2,2,5,3,"không"
"Nữ","Kinh tế, Kinh doanh & Quản lý (Quản trị kinh doanh, Tài chính - Ngân hàng, Kế toán, Logistics...)","Chưa từng bị ảnh hưởng","Sử dụng thường xuyên",5,5,3,3,4,5,5,4,3,3,2,4,3,3,2,2,4,2,2,2,3,NA
"Nữ","Khoa học Xã hội, Nhân văn & Ngôn ngữ (Luật, Ngôn ngữ Anh/Hàn/Trung, Tâm lý học, Báo chí...)","Thỉnh thoảng, tùy năm","Sử dụng vài lần",4,4,3,4,4,4,3,3,3,5,5,5,5,3,3,4,4,4,3,3,3,NA
"Nữ","Kinh tế, Kinh doanh & Quản lý (Quản trị kinh doanh, Tài chính - Ngân hàng, Kế toán, Logistics...)","Thỉnh thoảng, tùy năm","Sử dụng thường xuyên",1,1,1,3,3,2,2,1,1,3,3,3,4,1,1,1,1,1,1,1,1,"Không ạ"
"Nữ","Kinh tế, Kinh doanh & Quản lý (Quản trị kinh doanh, Tài chính - Ngân hàng, Kế toán, Logistics...)","Thỉnh thoảng, tùy năm","Chưa từng sử dụng",3,3,3,3,3,3,3,3,3,3,3,3,3,3,3,3,3,3,3,3,3,NA
"Nữ","Kinh tế, Kinh doanh & Quản lý (Quản trị kinh doanh, Tài chính - Ngân hàng, Kế toán, Logistics...)","Thỉnh thoảng, tùy năm","Sử dụng vài lần",4,5,5,5,5,5,5,3,3,2,4,4,5,2,1,4,2,2,1,2,3,NA
"Nam","Kinh tế, Kinh doanh & Quản lý (Quản trị kinh doanh, Tài chính - Ngân hàng, Kế toán, Logistics...)","Chưa từng bị ảnh hưởng","Sử dụng vài lần",5,5,5,5,5,5,5,5,5,5,5,5,5,5,5,5,5,5,5,5,5,NA
"Nữ","Kinh tế, Kinh doanh & Quản lý (Quản trị kinh doanh, Tài chính - Ngân hàng, Kế toán, Logistics...)","Thỉnh thoảng, tùy năm","Sử dụng vài lần",5,5,5,4,3,3,5,5,5,3,3,3,4,1,4,4,4,4,3,4,4,NA
"Nữ","Kinh tế, Kinh doanh & Quản lý (Quản trị kinh doanh, Tài chính - Ngân hàng, Kế toán, Logistics...)","Chưa từng bị ảnh hưởng","Chưa từng sử dụng",2,3,4,4,4,4,3,3,3,4,4,4,4,4,4,2,2,2,1,1,2,NA
"Nữ","Kinh tế, Kinh doanh & Quản lý (Quản trị kinh doanh, Tài chính - Ngân hàng, Kế toán, Logistics...)","Chưa từng bị ảnh hưởng","Sử dụng vài lần",5,5,4,3,5,4,4,4,4,4,5,5,4,2,2,4,4,4,3,3,3,"Mình lo ngại về vấn đề AI vẫn thiếu góc nhìn thực tế trong tình huống cụ thể xảy ra, không phải hoàn cảnh sự cuộc luôn có thể dễ diễn đạt ra để AI hiểu và tư vấn"
"Nữ","Kinh tế, Kinh doanh & Quản lý (Quản trị kinh doanh, Tài chính - Ngân hàng, Kế toán, Logistics...)","Chưa từng bị ảnh hưởng","Chưa từng sử dụng",5,1,5,5,5,5,3,3,3,5,5,5,5,5,5,3,5,3,1,5,3,NA
"Nữ","Kinh tế, Kinh doanh & Quản lý (Quản trị kinh doanh, Tài chính - Ngân hàng, Kế toán, Logistics...)","Chưa từng bị ảnh hưởng","Sử dụng vài lần",4,5,3,5,3,3,4,4,4,4,4,4,4,4,4,4,3,4,3,4,3,"AI có thể phản hồi nhanh chóng nhưng chưa có khả năng thấu hiểu cảm xúc, thấu cảm từ đó cho thấy sự lo ngại về việc AI cung cấp lời khuyên thiếu an toàn cho các đối tượng dễ bị tổn thương."
"Nữ","Khoa học Xã hội, Nhân văn & Ngôn ngữ (Luật, Ngôn ngữ Anh/Hàn/Trung, Tâm lý học, Báo chí...)","Thỉnh thoảng, tùy năm","Sử dụng vài lần",3,2,3,2,2,3,2,2,4,3,3,2,4,4,3,3,2,4,4,3,4,"hiện tại thì chưa"
"Nữ","Kinh tế, Kinh doanh & Quản lý (Quản trị kinh doanh, Tài chính - Ngân hàng, Kế toán, Logistics...)","Chưa từng bị ảnh hưởng","Chưa từng sử dụng",2,2,5,4,4,3,4,3,3,4,4,5,4,2,2,3,2,5,1,2,3,"Dạ em không có ý kiến ạ"
"Nữ","Kinh tế, Kinh doanh & Quản lý (Quản trị kinh doanh, Tài chính - Ngân hàng, Kế toán, Logistics...)","Thỉnh thoảng, tùy năm","Sử dụng vài lần",3,4,5,5,4,3,5,5,5,2,2,4,3,2,2,3,5,1,1,4,2,NA
"Nữ","Kinh tế, Kinh doanh & Quản lý (Quản trị kinh doanh, Tài chính - Ngân hàng, Kế toán, Logistics...)","Chưa từng bị ảnh hưởng","Sử dụng thường xuyên",3,3,4,5,5,5,5,5,5,2,2,2,2,2,3,4,4,4,2,3,3,NA
"Nữ","Khoa học Xã hội, Nhân văn & Ngôn ngữ (Luật, Ngôn ngữ Anh/Hàn/Trung, Tâm lý học, Báo chí...)","Thỉnh thoảng, tùy năm","Sử dụng thường xuyên",5,5,5,5,5,5,5,5,5,5,5,5,5,5,5,5,5,5,5,5,5,NA
"Nữ","Kinh tế, Kinh doanh & Quản lý (Quản trị kinh doanh, Tài chính - Ngân hàng, Kế toán, Logistics...)","Chưa từng bị ảnh hưởng","Sử dụng vài lần",4,4,3,4,2,4,5,4,4,4,5,4,5,4,4,5,4,4,2,2,2,NA
"Nữ","Khoa học Xã hội, Nhân văn & Ngôn ngữ (Luật, Ngôn ngữ Anh/Hàn/Trung, Tâm lý học, Báo chí...)","Thỉnh thoảng, tùy năm","Sử dụng vài lần",2,2,4,4,4,4,3,2,3,3,3,4,4,3,2,3,4,3,3,3,2,NA
"Nữ","Kinh tế, Kinh doanh & Quản lý (Quản trị kinh doanh, Tài chính - Ngân hàng, Kế toán, Logistics...)","Thỉnh thoảng, tùy năm","Chưa từng sử dụng",3,4,4,3,5,4,3,4,4,4,3,4,4,5,3,5,2,2,2,2,2,"Tôi bị ức chế vì AI quá ba phải. Tuy tôi hay hỏi ý kiến từ người quen và ít dùng AI trong lĩnh vực này nhưng đôi khi người tôi quen không đủ kiến thức để trả lời thì tôi phải dùng đến AI, và mỗi lần dùng tôi đều rất ức chế và gần như không bao giờ giải quyết được về mặt tâm lý, tình cảm, tinh thần."
"Nữ","Kinh tế, Kinh doanh & Quản lý (Quản trị kinh doanh, Tài chính - Ngân hàng, Kế toán, Logistics...)","Chưa từng bị ảnh hưởng","Sử dụng thường xuyên",4,5,4,4,5,4,4,4,5,4,5,4,4,4,4,4,4,4,4,3,4,"có"
"Nam","Kinh tế, Kinh doanh & Quản lý (Quản trị kinh doanh, Tài chính - Ngân hàng, Kế toán, Logistics...)","Chưa từng bị ảnh hưởng","Sử dụng vài lần",4,3,3,3,4,3,3,3,4,4,3,4,3,4,3,4,3,4,3,3,4,NA
"Nữ","Kinh tế, Kinh doanh & Quản lý (Quản trị kinh doanh, Tài chính - Ngân hàng, Kế toán, Logistics...)","Thỉnh thoảng, tùy năm","Sử dụng vài lần",4,4,4,4,3,4,4,3,4,3,3,3,3,3,3,4,3,4,3,3,4,NA
"Nữ","Kinh tế, Kinh doanh & Quản lý (Quản trị kinh doanh, Tài chính - Ngân hàng, Kế toán, Logistics...)","Thỉnh thoảng, tùy năm","Sử dụng vài lần",4,3,3,3,4,3,4,4,3,3,4,3,3,4,4,3,3,4,4,4,3,NA
"Nữ","Kinh tế, Kinh doanh & Quản lý (Quản trị kinh doanh, Tài chính - Ngân hàng, Kế toán, Logistics...)","Thỉnh thoảng, tùy năm","Sử dụng thường xuyên",5,5,5,1,2,1,5,5,2,4,1,1,1,1,4,5,5,5,5,5,5,"hiện thì mình chưa, nhưng mình rất biết ơn AI đã an ủi mình, có lúc mình muốn chết luôn, nên mình nt với AI, xong AI nói là nếu bạn đang có vấn đề thì hãy gọi điện cho Sđt này, hoặc kêu mẹ bạn dậy ngay lập tức, dù mình biết là AI không giúp mình được nhưng AI đã an ủi mình rất nhiều."
"Nữ","Khoa học Xã hội, Nhân văn & Ngôn ngữ (Luật, Ngôn ngữ Anh/Hàn/Trung, Tâm lý học, Báo chí...)","Chưa từng bị ảnh hưởng","Chưa từng sử dụng",3,4,1,3,4,3,4,3,1,4,4,5,5,3,2,3,3,3,2,3,2,"Không"
"Nam","Kinh tế, Kinh doanh & Quản lý (Quản trị kinh doanh, Tài chính - Ngân hàng, Kế toán, Logistics...)","Thỉnh thoảng, tùy năm","Sử dụng vài lần",4,5,3,4,3,5,4,5,4,4,2,3,4,3,4,4,3,4,4,5,5,"mình không"
"Nữ","Khoa học Xã hội, Nhân văn & Ngôn ngữ (Luật, Ngôn ngữ Anh/Hàn/Trung, Tâm lý học, Báo chí...)","Chưa từng bị ảnh hưởng","Chưa từng sử dụng",4,2,3,5,4,4,3,4,4,4,4,4,4,4,4,4,4,4,3,2,4,NA
"Nữ","Kinh tế, Kinh doanh & Quản lý (Quản trị kinh doanh, Tài chính - Ngân hàng, Kế toán, Logistics...)","Thỉnh thoảng, tùy năm","Sử dụng vài lần",3,3,2,5,4,3,5,3,3,4,5,5,5,3,3,2,5,2,2,2,1,NA
"Nữ","Kinh tế, Kinh doanh & Quản lý (Quản trị kinh doanh, Tài chính - Ngân hàng, Kế toán, Logistics...)","Thỉnh thoảng, tùy năm","Sử dụng thường xuyên",4,4,3,5,4,5,3,3,4,3,4,5,4,5,5,3,4,4,3,4,4,NA
"Nữ","Khoa học Xã hội, Nhân văn & Ngôn ngữ (Luật, Ngôn ngữ Anh/Hàn/Trung, Tâm lý học, Báo chí...)","Thỉnh thoảng, tùy năm","Sử dụng vài lần",5,4,4,3,4,4,5,3,4,4,5,3,4,3,5,5,3,5,4,3,5,"Dạ k"
"Nữ","Kinh tế, Kinh doanh & Quản lý (Quản trị kinh doanh, Tài chính - Ngân hàng, Kế toán, Logistics...)","Chưa từng bị ảnh hưởng","Sử dụng vài lần",4,4,4,4,4,3,3,3,3,3,3,4,3,2,2,3,3,3,3,3,3,NA
"Nữ","Kinh tế, Kinh doanh & Quản lý (Quản trị kinh doanh, Tài chính - Ngân hàng, Kế toán, Logistics...)","Chưa từng bị ảnh hưởng","Chưa từng sử dụng",1,4,5,5,3,4,3,1,1,5,5,5,5,1,1,5,5,5,1,1,1,NA
"Nam","Kinh tế, Kinh doanh & Quản lý (Quản trị kinh doanh, Tài chính - Ngân hàng, Kế toán, Logistics...)","Hằng năm, đều đặn","Sử dụng vài lần",4,5,4,4,5,5,4,5,5,3,2,3,4,5,5,4,5,5,4,4,3,"Không"
"Nữ","Kinh tế, Kinh doanh & Quản lý (Quản trị kinh doanh, Tài chính - Ngân hàng, Kế toán, Logistics...)","Thỉnh thoảng, tùy năm","Sử dụng thường xuyên",2,4,4,4,4,4,5,4,4,2,2,2,2,1,2,2,2,2,4,4,4,"N/A"
"Nữ","Kinh tế, Kinh doanh & Quản lý (Quản trị kinh doanh, Tài chính - Ngân hàng, Kế toán, Logistics...)","Chưa từng bị ảnh hưởng","Sử dụng vài lần",4,3,4,2,3,2,4,4,4,2,4,4,2,4,5,4,5,5,2,4,2,NA
"Nữ","Kinh tế, Kinh doanh & Quản lý (Quản trị kinh doanh, Tài chính - Ngân hàng, Kế toán, Logistics...)","Chưa từng bị ảnh hưởng","Sử dụng vài lần",4,3,3,4,5,4,4,5,5,5,5,5,5,3,5,3,3,3,2,2,2,"Không"
"Nữ","Kinh tế, Kinh doanh & Quản lý (Quản trị kinh doanh, Tài chính - Ngân hàng, Kế toán, Logistics...)","Thỉnh thoảng, tùy năm","Chưa từng sử dụng",4,3,4,5,4,5,3,4,3,4,3,5,3,5,4,4,5,5,5,4,3,NA
"Nữ","Khoa học Xã hội, Nhân văn & Ngôn ngữ (Luật, Ngôn ngữ Anh/Hàn/Trung, Tâm lý học, Báo chí...)","Thỉnh thoảng, tùy năm","Chưa từng sử dụng",4,3,5,4,5,5,4,5,3,5,5,4,4,5,4,4,5,4,4,5,4,NA
"Nữ","Kinh tế, Kinh doanh & Quản lý (Quản trị kinh doanh, Tài chính - Ngân hàng, Kế toán, Logistics...)","Chưa từng bị ảnh hưởng","Chưa từng sử dụng",5,4,2,4,4,2,4,5,4,3,2,4,4,4,3,4,3,4,1,3,5,"Không"
"Nam","Kinh tế, Kinh doanh & Quản lý (Quản trị kinh doanh, Tài chính - Ngân hàng, Kế toán, Logistics...)","Thỉnh thoảng, tùy năm","Sử dụng vài lần",4,3,4,4,3,4,4,2,4,3,3,4,3,3,4,4,4,3,3,4,5,NA
"Nữ","Kinh tế, Kinh doanh & Quản lý (Quản trị kinh doanh, Tài chính - Ngân hàng, Kế toán, Logistics...)","Chưa từng bị ảnh hưởng","Sử dụng vài lần",4,4,3,3,4,4,3,3,4,4,4,5,5,4,3,4,3,3,2,2,3,"không"
"Nữ","Kinh tế, Kinh doanh & Quản lý (Quản trị kinh doanh, Tài chính - Ngân hàng, Kế toán, Logistics...)","Chưa từng bị ảnh hưởng","Chưa từng sử dụng",3,3,3,4,4,4,4,4,4,4,4,4,4,4,4,4,4,4,3,3,3,NA
"Nữ","Kinh tế, Kinh doanh & Quản lý (Quản trị kinh doanh, Tài chính - Ngân hàng, Kế toán, Logistics...)","Chưa từng bị ảnh hưởng","Sử dụng vài lần",4,4,4,4,4,3,5,5,4,4,4,5,5,5,4,4,4,5,3,3,4,"không"
"Nữ","Khoa học Xã hội, Nhân văn & Ngôn ngữ (Luật, Ngôn ngữ Anh/Hàn/Trung, Tâm lý học, Báo chí...)","Thỉnh thoảng, tùy năm","Sử dụng vài lần",5,4,4,4,5,4,5,5,5,5,5,5,2,2,1,4,5,3,2,4,3,"Kh ạ"
"Nam","Kinh tế, Kinh doanh & Quản lý (Quản trị kinh doanh, Tài chính - Ngân hàng, Kế toán, Logistics...)","Thỉnh thoảng, tùy năm","Sử dụng vài lần",3,4,4,4,4,4,4,4,4,3,3,3,4,4,4,4,4,4,4,4,4,"Có"
"Nữ","Kinh tế, Kinh doanh & Quản lý (Quản trị kinh doanh, Tài chính - Ngân hàng, Kế toán, Logistics...)","Chưa từng bị ảnh hưởng","Chưa từng sử dụng",5,5,4,5,5,4,3,2,2,5,5,5,4,1,1,1,1,5,1,1,1,"tôi nghĩ AI không thể là công cụ chăm sóc sức khỏe tinh thần vì nó không hiểu được bản chất của sự việc mà bản than tôi đang gặp phải"
"Nữ","Khoa học Xã hội, Nhân văn & Ngôn ngữ (Luật, Ngôn ngữ Anh/Hàn/Trung, Tâm lý học, Báo chí...)","Thỉnh thoảng, tùy năm","Sử dụng thường xuyên",5,5,5,5,5,3,4,4,4,4,4,4,4,4,4,4,4,4,4,4,4,NA
"Nam","Kinh tế, Kinh doanh & Quản lý (Quản trị kinh doanh, Tài chính - Ngân hàng, Kế toán, Logistics...)","Chưa từng bị ảnh hưởng","Chưa từng sử dụng",2,3,4,1,2,2,4,4,3,3,3,3,3,3,1,1,3,1,1,3,3,NA
"Nữ","Kinh tế, Kinh doanh & Quản lý (Quản trị kinh doanh, Tài chính - Ngân hàng, Kế toán, Logistics...)","Chưa từng bị ảnh hưởng","Chưa từng sử dụng",5,1,5,5,5,2,5,2,2,1,1,1,4,1,1,1,1,1,1,1,1,NA
"Nữ","Kinh tế, Kinh doanh & Quản lý (Quản trị kinh doanh, Tài chính - Ngân hàng, Kế toán, Logistics...)","Thỉnh thoảng, tùy năm","Sử dụng vài lần",3,4,4,3,4,4,4,4,3,3,3,4,3,2,2,1,2,2,2,3,3,NA
"Nữ","Kinh tế, Kinh doanh & Quản lý (Quản trị kinh doanh, Tài chính - Ngân hàng, Kế toán, Logistics...)","Chưa từng bị ảnh hưởng","Sử dụng vài lần",4,4,4,3,3,3,3,4,2,3,3,4,3,4,2,3,3,3,2,2,3,NA
"Nam","Kinh tế, Kinh doanh & Quản lý (Quản trị kinh doanh, Tài chính - Ngân hàng, Kế toán, Logistics...)","Thỉnh thoảng, tùy năm","Sử dụng vài lần",3,3,3,3,3,3,3,3,3,3,3,3,3,3,3,3,3,3,3,3,3,"."
"Nữ","Kinh tế, Kinh doanh & Quản lý (Quản trị kinh doanh, Tài chính - Ngân hàng, Kế toán, Logistics...)","Chưa từng bị ảnh hưởng","Chưa từng sử dụng",4,5,4,5,3,3,5,5,4,3,2,2,5,5,1,3,2,4,1,3,3,NA
"Nam","Kinh tế, Kinh doanh & Quản lý (Quản trị kinh doanh, Tài chính - Ngân hàng, Kế toán, Logistics...)","Chưa từng bị ảnh hưởng","Sử dụng vài lần",5,4,3,2,3,2,2,4,4,1,2,1,2,2,3,1,3,3,4,4,4,"không có"
"Nữ","Kinh tế, Kinh doanh & Quản lý (Quản trị kinh doanh, Tài chính - Ngân hàng, Kế toán, Logistics...)","Chưa từng bị ảnh hưởng","Sử dụng thường xuyên",5,5,5,4,1,5,5,5,2,5,5,5,4,5,5,3,5,5,5,5,3,"Không"
"Nam","Kinh tế, Kinh doanh & Quản lý (Quản trị kinh doanh, Tài chính - Ngân hàng, Kế toán, Logistics...)","Thỉnh thoảng, tùy năm","Sử dụng vài lần",4,3,3,3,3,3,2,2,2,3,4,3,3,3,2,3,3,2,2,2,2,NA
"Nữ","Kinh tế, Kinh doanh & Quản lý (Quản trị kinh doanh, Tài chính - Ngân hàng, Kế toán, Logistics...)","Chưa từng bị ảnh hưởng","Sử dụng vài lần",5,3,4,4,4,3,3,4,4,5,4,3,2,3,2,3,5,3,2,3,3,NA
"Nữ","Kinh tế, Kinh doanh & Quản lý (Quản trị kinh doanh, Tài chính - Ngân hàng, Kế toán, Logistics...)","Thỉnh thoảng, tùy năm","Sử dụng vài lần",3,4,4,3,4,4,5,4,4,3,2,3,3,2,2,3,2,2,2,3,4,NA
"Nữ","Khoa học Kỹ thuật & Công nghệ (Công nghệ thông tin, Kỹ thuật, Kiến trúc, Điện tử...)","Thỉnh thoảng, tùy năm","Chưa từng sử dụng",4,3,4,4,4,4,4,4,4,5,5,4,5,3,3,3,4,4,3,4,4,NA
"Nữ","Khoa học Xã hội, Nhân văn & Ngôn ngữ (Luật, Ngôn ngữ Anh/Hàn/Trung, Tâm lý học, Báo chí...)","Thỉnh thoảng, tùy năm","Sử dụng thường xuyên",5,4,4,2,4,3,5,5,5,1,2,3,1,5,3,5,3,5,2,3,2,NA
"Nữ","Kinh tế, Kinh doanh & Quản lý (Quản trị kinh doanh, Tài chính - Ngân hàng, Kế toán, Logistics...)","Thỉnh thoảng, tùy năm","Sử dụng vài lần",5,5,3,4,4,3,5,4,5,5,5,5,5,4,5,5,5,5,3,3,4,NA
"Nam","Kinh tế, Kinh doanh & Quản lý (Quản trị kinh doanh, Tài chính - Ngân hàng, Kế toán, Logistics...)","Chưa từng bị ảnh hưởng","Chưa từng sử dụng",2,4,3,4,4,4,3,3,3,3,5,3,4,2,1,1,1,4,1,1,1,"không"
"Nữ","Kinh tế, Kinh doanh & Quản lý (Quản trị kinh doanh, Tài chính - Ngân hàng, Kế toán, Logistics...)","Thỉnh thoảng, tùy năm","Chưa từng sử dụng",5,5,5,5,3,3,3,3,3,5,5,5,5,5,5,5,5,5,5,5,5,NA
"Nữ","Kinh tế, Kinh doanh & Quản lý (Quản trị kinh doanh, Tài chính - Ngân hàng, Kế toán, Logistics...)","Chưa từng bị ảnh hưởng","Chưa từng sử dụng",4,2,4,4,4,3,3,4,4,3,4,4,4,3,2,3,4,3,2,2,2,NA
"Nữ","Kinh tế, Kinh doanh & Quản lý (Quản trị kinh doanh, Tài chính - Ngân hàng, Kế toán, Logistics...)","Chưa từng bị ảnh hưởng","Sử dụng vài lần",4,4,3,4,3,3,3,3,4,4,4,3,4,3,3,4,4,3,3,3,4,NA
"Nữ","Kinh tế, Kinh doanh & Quản lý (Quản trị kinh doanh, Tài chính - Ngân hàng, Kế toán, Logistics...)","Chưa từng bị ảnh hưởng","Sử dụng vài lần",4,4,5,5,4,5,3,5,4,3,2,3,5,5,2,3,5,3,1,2,3,"Tôi cảm thấy AI luôn đưa ra những góc nhìn tích cực với mục đích làm dịu tâm trí của người dùng trước tiên, điều đó sẽ dễ khiến cho con người quên việc xem xét góc nhìn tiêu cực của vấn đề cũng như lỗi sai của bản thân dẫn đến hướng giải quyết cũng không thật sự phù hợp (tùy trường hợp)"
"Nam","Khoa học Kỹ thuật & Công nghệ (Công nghệ thông tin, Kỹ thuật, Kiến trúc, Điện tử...)","Hằng năm, đều đặn","Chưa từng sử dụng",5,5,5,5,5,5,5,5,5,5,5,5,5,5,5,5,5,5,5,5,5,NA
"Nữ","Kinh tế, Kinh doanh & Quản lý (Quản trị kinh doanh, Tài chính - Ngân hàng, Kế toán, Logistics...)","Chưa từng bị ảnh hưởng","Sử dụng thường xuyên",3,4,4,4,5,4,4,4,4,5,4,5,5,4,4,4,4,4,2,4,3,NA
"Nữ","Khoa học Kỹ thuật & Công nghệ (Công nghệ thông tin, Kỹ thuật, Kiến trúc, Điện tử...)","Thỉnh thoảng, tùy năm","Sử dụng vài lần",4,5,4,5,5,4,4,4,4,5,4,5,5,3,3,3,5,2,1,1,2,NA
"Nữ","Kinh tế, Kinh doanh & Quản lý (Quản trị kinh doanh, Tài chính - Ngân hàng, Kế toán, Logistics...)","Thỉnh thoảng, tùy năm","Chưa từng sử dụng",5,2,4,5,5,4,2,2,2,5,5,5,5,4,1,4,4,4,2,2,2,NA
"Nữ","Kinh tế, Kinh doanh & Quản lý (Quản trị kinh doanh, Tài chính - Ngân hàng, Kế toán, Logistics...)","Chưa từng bị ảnh hưởng","Sử dụng vài lần",4,3,1,5,5,3,3,5,3,3,1,3,1,1,2,4,5,5,1,2,2,"AI có các ý kiến khá nghiêng theo cách sử dụng của người dùng gây ra sự sai lệch không được khách quan ."
"Nam","Kinh tế, Kinh doanh & Quản lý (Quản trị kinh doanh, Tài chính - Ngân hàng, Kế toán, Logistics...)","Hằng năm, đều đặn","Chưa từng sử dụng",3,3,3,3,3,3,3,4,3,4,4,4,4,4,4,4,3,4,4,3,4,NA
"Nữ","Khoa học Xã hội, Nhân văn & Ngôn ngữ (Luật, Ngôn ngữ Anh/Hàn/Trung, Tâm lý học, Báo chí...)","Thỉnh thoảng, tùy năm","Sử dụng thường xuyên",5,5,5,4,3,4,5,5,5,4,2,2,4,5,5,4,5,5,3,4,5,"Không"
"Nữ","Kinh tế, Kinh doanh & Quản lý (Quản trị kinh doanh, Tài chính - Ngân hàng, Kế toán, Logistics...)","Hằng năm, đều đặn","Sử dụng vài lần",3,2,5,5,4,4,4,2,3,2,5,5,5,1,1,1,1,1,1,1,1,"Thật ra mình không cho rằng việc sử dụng AI để thay thế chuyên viên tư vấn sức khỏe là điều phù hợp. Tuy nhiên, đôi khi mình chán thôi thì việc nhận được phản hồi ngay lập tức, dẫn dắt mình đến thông tin mới, điều thú vị lại tối ưu hơn là đi làm phiền người khác. Còn khi đối diện với vấn đề thực sự lớn thì mình tin rằng chúng ta nên xin hỗ trợ và giải quyết trực tiếp sẽ tốt hơn"
"Nữ","Kinh tế, Kinh doanh & Quản lý (Quản trị kinh doanh, Tài chính - Ngân hàng, Kế toán, Logistics...)","Thỉnh thoảng, tùy năm","Sử dụng vài lần",3,4,3,4,3,4,3,4,5,3,4,5,3,4,5,3,4,5,3,4,5,NA
"Nam","Khoa học Kỹ thuật & Công nghệ (Công nghệ thông tin, Kỹ thuật, Kiến trúc, Điện tử...)","Thỉnh thoảng, tùy năm","Chưa từng sử dụng",4,3,4,4,4,4,5,5,5,4,4,4,4,3,5,4,4,4,3,3,4,NA
"Nam","Khoa học Kỹ thuật & Công nghệ (Công nghệ thông tin, Kỹ thuật, Kiến trúc, Điện tử...)","Thỉnh thoảng, tùy năm","Chưa từng sử dụng",3,3,3,5,5,5,5,3,2,3,5,5,5,3,3,5,5,3,3,5,3,"AI chả làm được gì nhiều trong vấn đề tâm lí cả
"
"Nữ","Kinh tế, Kinh doanh & Quản lý (Quản trị kinh doanh, Tài chính - Ngân hàng, Kế toán, Logistics...)","Thỉnh thoảng, tùy năm","Sử dụng thường xuyên",5,5,5,5,5,5,5,5,5,5,5,5,5,5,5,5,5,5,5,5,5,NA
"Nam","Khoa học Tự nhiên, Y dược & Khác (Y, Dược, Sinh học, Hóa học, Sức khỏe...)","Thỉnh thoảng, tùy năm","Chưa từng sử dụng",5,1,5,5,4,3,2,1,2,4,5,5,4,4,2,3,4,4,4,3,4,NA
"Nữ","Kinh tế, Kinh doanh & Quản lý (Quản trị kinh doanh, Tài chính - Ngân hàng, Kế toán, Logistics...)","Chưa từng bị ảnh hưởng","Sử dụng vài lần",5,3,2,5,3,3,1,4,1,5,5,5,5,4,1,4,4,5,1,4,4,"không"
"Nữ","Khoa học Xã hội, Nhân văn & Ngôn ngữ (Luật, Ngôn ngữ Anh/Hàn/Trung, Tâm lý học, Báo chí...)","Thỉnh thoảng, tùy năm","Sử dụng vài lần",5,5,5,3,3,3,4,4,4,4,4,4,4,2,2,4,4,4,3,3,3,NA
"Nữ","Kinh tế, Kinh doanh & Quản lý (Quản trị kinh doanh, Tài chính - Ngân hàng, Kế toán, Logistics...)","Chưa từng bị ảnh hưởng","Sử dụng vài lần",5,2,4,4,4,3,4,4,4,3,5,4,3,2,1,4,5,5,3,4,2,NA
"Nữ","Khoa học Kỹ thuật & Công nghệ (Công nghệ thông tin, Kỹ thuật, Kiến trúc, Điện tử...)","Hằng năm, đều đặn","Sử dụng vài lần",4,4,4,4,4,4,4,4,5,5,5,5,4,5,4,4,5,4,1,2,2,"Ko có"
"Nam","Khoa học Xã hội, Nhân văn & Ngôn ngữ (Luật, Ngôn ngữ Anh/Hàn/Trung, Tâm lý học, Báo chí...)","Chưa từng bị ảnh hưởng","Sử dụng vài lần",4,3,4,3,4,3,4,3,4,2,3,3,3,3,2,3,3,3,2,4,2,"không"
"Nữ","Khoa học Xã hội, Nhân văn & Ngôn ngữ (Luật, Ngôn ngữ Anh/Hàn/Trung, Tâm lý học, Báo chí...)","Thỉnh thoảng, tùy năm","Sử dụng vài lần",5,3,5,4,5,5,3,3,4,2,5,5,5,1,3,2,2,4,1,2,3,NA
"Nữ","Khoa học Xã hội, Nhân văn & Ngôn ngữ (Luật, Ngôn ngữ Anh/Hàn/Trung, Tâm lý học, Báo chí...)","Thỉnh thoảng, tùy năm","Sử dụng vài lần",5,5,4,4,4,3,5,4,5,5,5,5,5,5,4,4,5,3,3,4,3,NA
"Nữ","Kinh tế, Kinh doanh & Quản lý (Quản trị kinh doanh, Tài chính - Ngân hàng, Kế toán, Logistics...)","Hằng năm, đều đặn","Chưa từng sử dụng",3,2,4,4,4,4,3,2,3,2,3,3,2,4,2,3,4,4,2,2,2,NA
"Nữ","Khoa học Xã hội, Nhân văn & Ngôn ngữ (Luật, Ngôn ngữ Anh/Hàn/Trung, Tâm lý học, Báo chí...)","Hằng năm, đều đặn","Sử dụng thường xuyên",2,4,4,3,4,3,5,4,4,3,4,3,2,4,2,2,2,3,3,3,4,NA
"Nữ","Khoa học Xã hội, Nhân văn & Ngôn ngữ (Luật, Ngôn ngữ Anh/Hàn/Trung, Tâm lý học, Báo chí...)","Chưa từng bị ảnh hưởng","Sử dụng vài lần",5,4,4,3,4,4,5,4,4,2,2,2,2,2,1,2,1,2,1,2,4,"Dạ không ạ"
"Nữ","Khoa học Xã hội, Nhân văn & Ngôn ngữ (Luật, Ngôn ngữ Anh/Hàn/Trung, Tâm lý học, Báo chí...)","Chưa từng bị ảnh hưởng","Sử dụng vài lần",4,3,3,5,5,4,3,4,3,4,4,5,3,2,1,2,4,4,1,3,4,NA
"Nữ","Khoa học Kỹ thuật & Công nghệ (Công nghệ thông tin, Kỹ thuật, Kiến trúc, Điện tử...)","Thỉnh thoảng, tùy năm","Sử dụng thường xuyên",4,3,4,4,5,3,5,4,3,3,3,4,4,4,4,5,3,3,2,3,1,NA
"Nữ","Khoa học Xã hội, Nhân văn & Ngôn ngữ (Luật, Ngôn ngữ Anh/Hàn/Trung, Tâm lý học, Báo chí...)","Thỉnh thoảng, tùy năm","Sử dụng vài lần",3,2,3,5,4,3,3,2,2,3,2,2,3,1,1,2,2,2,1,1,2,NA
"Nữ","Khoa học Xã hội, Nhân văn & Ngôn ngữ (Luật, Ngôn ngữ Anh/Hàn/Trung, Tâm lý học, Báo chí...)","Chưa từng bị ảnh hưởng","Sử dụng vài lần",1,1,1,1,1,1,1,1,1,1,1,1,1,1,1,1,1,1,1,1,1,"AI quá nhiều thông tin và nhiều khi nó chưa có độ chính xác cao làm người dùng lan man theo"
"Nữ","Khoa học Kỹ thuật & Công nghệ (Công nghệ thông tin, Kỹ thuật, Kiến trúc, Điện tử...)","Chưa từng bị ảnh hưởng","Chưa từng sử dụng",1,1,3,3,3,4,4,2,1,4,4,4,4,1,1,1,1,1,1,2,1,NA
"Nữ","Khoa học Kỹ thuật & Công nghệ (Công nghệ thông tin, Kỹ thuật, Kiến trúc, Điện tử...)","Thỉnh thoảng, tùy năm","Sử dụng thường xuyên",3,4,4,4,4,3,5,4,4,4,5,5,3,5,4,2,3,2,1,3,2,NA
"Nữ","Khoa học Xã hội, Nhân văn & Ngôn ngữ (Luật, Ngôn ngữ Anh/Hàn/Trung, Tâm lý học, Báo chí...)","Thỉnh thoảng, tùy năm","Sử dụng vài lần",4,4,3,4,4,3,2,4,4,2,2,2,4,2,3,3,4,2,1,4,2,NA
"Nam","Khoa học Kỹ thuật & Công nghệ (Công nghệ thông tin, Kỹ thuật, Kiến trúc, Điện tử...)","Chưa từng bị ảnh hưởng","Sử dụng vài lần",3,3,2,4,4,3,4,3,4,2,3,3,2,3,3,3,4,2,2,3,2,NA
"Nữ","Khoa học Tự nhiên, Y dược & Khác (Y, Dược, Sinh học, Hóa học, Sức khỏe...)","Chưa từng bị ảnh hưởng","Chưa từng sử dụng",3,2,4,5,4,3,3,3,4,4,4,4,5,1,1,1,1,4,3,2,3,NA
"Nữ","Khoa học Xã hội, Nhân văn & Ngôn ngữ (Luật, Ngôn ngữ Anh/Hàn/Trung, Tâm lý học, Báo chí...)","Thỉnh thoảng, tùy năm","Sử dụng vài lần",4,4,4,4,4,4,4,4,4,4,4,4,3,3,4,2,2,3,4,4,4,"Mình không có kì vọng nào khác vì bản chất của AI là nó chỉ cung cấp thông tin cho vấn đề chúng ta cần hỏi chứ chưa thật sự để ứng dụng trong chăm sóc sức khỏe tinh thần"
"Nữ","Khoa học Tự nhiên, Y dược & Khác (Y, Dược, Sinh học, Hóa học, Sức khỏe...)","Hằng năm, đều đặn","Sử dụng vài lần",2,3,2,2,2,3,3,4,3,2,2,2,2,4,4,4,4,4,4,4,4,NA
"Nam","Khoa học Tự nhiên, Y dược & Khác (Y, Dược, Sinh học, Hóa học, Sức khỏe...)","Hằng năm, đều đặn","Sử dụng vài lần",5,3,3,4,5,4,3,3,3,2,3,3,3,3,3,3,4,3,3,4,4,NA
"Nữ","Khoa học Xã hội, Nhân văn & Ngôn ngữ (Luật, Ngôn ngữ Anh/Hàn/Trung, Tâm lý học, Báo chí...)","Thỉnh thoảng, tùy năm","Sử dụng vài lần",3,3,2,1,4,2,4,4,4,2,1,3,4,4,4,3,4,4,2,4,3,"Không"
"Nữ","Khoa học Xã hội, Nhân văn & Ngôn ngữ (Luật, Ngôn ngữ Anh/Hàn/Trung, Tâm lý học, Báo chí...)","Chưa từng bị ảnh hưởng","Sử dụng vài lần",3,3,4,4,4,4,3,3,3,3,3,4,2,2,1,1,3,3,1,1,1,NA
"Nữ","Khoa học Xã hội, Nhân văn & Ngôn ngữ (Luật, Ngôn ngữ Anh/Hàn/Trung, Tâm lý học, Báo chí...)","Thỉnh thoảng, tùy năm","Sử dụng vài lần",4,4,5,4,5,5,4,5,5,4,3,4,5,4,5,4,3,3,3,4,3,NA
"Nữ","Khoa học Xã hội, Nhân văn & Ngôn ngữ (Luật, Ngôn ngữ Anh/Hàn/Trung, Tâm lý học, Báo chí...)","Thỉnh thoảng, tùy năm","Sử dụng vài lần",2,3,4,3,4,2,3,3,3,3,4,4,3,3,3,3,3,3,3,3,3,"KHÔNG Ạ"
"Nam","Khoa học Xã hội, Nhân văn & Ngôn ngữ (Luật, Ngôn ngữ Anh/Hàn/Trung, Tâm lý học, Báo chí...)","Thỉnh thoảng, tùy năm","Sử dụng vài lần",4,5,5,5,5,5,4,3,4,2,5,5,4,3,2,4,5,4,4,5,5,NA
"Nữ","Khoa học Xã hội, Nhân văn & Ngôn ngữ (Luật, Ngôn ngữ Anh/Hàn/Trung, Tâm lý học, Báo chí...)","Chưa từng bị ảnh hưởng","Sử dụng vài lần",4,4,5,5,4,4,5,4,4,3,3,3,2,2,1,4,2,2,1,1,2,"kh ạ"
"Nam","Khoa học Kỹ thuật & Công nghệ (Công nghệ thông tin, Kỹ thuật, Kiến trúc, Điện tử...)","Hằng năm, đều đặn","Sử dụng vài lần",3,3,3,3,3,3,3,3,3,3,3,3,3,3,3,3,3,3,3,3,3,NA
"Nam","Khoa học Tự nhiên, Y dược & Khác (Y, Dược, Sinh học, Hóa học, Sức khỏe...)","Hằng năm, đều đặn","Sử dụng vài lần",5,5,5,4,4,4,5,5,5,3,3,3,3,3,3,4,4,4,2,2,2,"Không"
"Nam","Khoa học Kỹ thuật & Công nghệ (Công nghệ thông tin, Kỹ thuật, Kiến trúc, Điện tử...)","Thỉnh thoảng, tùy năm","Sử dụng vài lần",4,4,4,3,3,4,4,4,4,4,4,3,4,4,4,4,3,4,5,5,5,"Không ạ"
"Nữ","Khoa học Xã hội, Nhân văn & Ngôn ngữ (Luật, Ngôn ngữ Anh/Hàn/Trung, Tâm lý học, Báo chí...)","Thỉnh thoảng, tùy năm","Sử dụng vài lần",3,3,3,3,3,3,3,3,3,3,3,3,3,3,3,3,3,3,3,3,3,NA
"Nữ","Khoa học Tự nhiên, Y dược & Khác (Y, Dược, Sinh học, Hóa học, Sức khỏe...)","Thỉnh thoảng, tùy năm","Sử dụng vài lần",3,3,5,3,4,4,4,3,3,3,3,3,3,3,3,2,4,4,2,3,3,NA
"Nữ","Khoa học Kỹ thuật & Công nghệ (Công nghệ thông tin, Kỹ thuật, Kiến trúc, Điện tử...)","Thỉnh thoảng, tùy năm","Chưa từng sử dụng",3,4,4,3,3,3,3,2,2,2,2,2,2,2,2,2,2,2,2,3,2,NA
"Nữ","Kinh tế, Kinh doanh & Quản lý (Quản trị kinh doanh, Tài chính - Ngân hàng, Kế toán, Logistics...)","Chưa từng bị ảnh hưởng","Sử dụng vài lần",4,4,4,5,4,4,4,5,5,4,5,4,4,4,5,3,4,3,2,3,1,NA
"Nữ","Kinh tế, Kinh doanh & Quản lý (Quản trị kinh doanh, Tài chính - Ngân hàng, Kế toán, Logistics...)","Thỉnh thoảng, tùy năm","Sử dụng thường xuyên",4,4,4,4,4,4,4,4,4,4,5,4,4,4,4,4,4,4,4,5,4,"hong"
"Nam","Khoa học Kỹ thuật & Công nghệ (Công nghệ thông tin, Kỹ thuật, Kiến trúc, Điện tử...)","Chưa từng bị ảnh hưởng","Chưa từng sử dụng",4,5,4,5,4,5,4,5,4,4,5,3,2,5,3,5,2,5,3,5,4,NA
"Nữ","Kinh tế, Kinh doanh & Quản lý (Quản trị kinh doanh, Tài chính - Ngân hàng, Kế toán, Logistics...)","Chưa từng bị ảnh hưởng","Sử dụng thường xuyên",4,4,4,4,3,4,2,4,4,3,4,4,3,3,4,4,4,4,4,4,4,"không"
"Nữ","Kinh tế, Kinh doanh & Quản lý (Quản trị kinh doanh, Tài chính - Ngân hàng, Kế toán, Logistics...)","Chưa từng bị ảnh hưởng","Sử dụng vài lần",3,4,4,4,4,4,4,4,4,3,3,3,3,3,3,3,3,3,3,3,3,"Không"
"Nam","Kinh tế, Kinh doanh & Quản lý (Quản trị kinh doanh, Tài chính - Ngân hàng, Kế toán, Logistics...)","Thỉnh thoảng, tùy năm","Chưa từng sử dụng",4,3,4,3,4,5,5,4,4,5,4,5,5,4,3,3,4,5,4,5,5,NA
"Nữ","Khoa học Xã hội, Nhân văn & Ngôn ngữ (Luật, Ngôn ngữ Anh/Hàn/Trung, Tâm lý học, Báo chí...)","Chưa từng bị ảnh hưởng","Chưa từng sử dụng",3,3,3,3,3,3,3,3,3,3,3,3,3,3,3,3,3,4,3,3,3,NA
"Nữ","Kinh tế, Kinh doanh & Quản lý (Quản trị kinh doanh, Tài chính - Ngân hàng, Kế toán, Logistics...)","Chưa từng bị ảnh hưởng","Sử dụng vài lần",4,3,5,4,4,4,5,5,4,3,3,3,4,4,2,3,3,2,2,4,3,NA
"Nữ","Khoa học Tự nhiên, Y dược & Khác (Y, Dược, Sinh học, Hóa học, Sức khỏe...)","Chưa từng bị ảnh hưởng","Sử dụng vài lần",4,4,2,4,4,3,2,2,2,4,5,5,4,4,3,4,3,4,3,4,3,NA
"Nữ","Khoa học Tự nhiên, Y dược & Khác (Y, Dược, Sinh học, Hóa học, Sức khỏe...)","Chưa từng bị ảnh hưởng","Sử dụng vài lần",5,4,5,5,5,3,5,5,5,5,5,5,4,3,3,1,5,4,3,3,3,NA
"Nữ","Kinh tế, Kinh doanh & Quản lý (Quản trị kinh doanh, Tài chính - Ngân hàng, Kế toán, Logistics...)","Chưa từng bị ảnh hưởng","Sử dụng vài lần",4,4,3,4,4,3,4,4,4,5,5,5,3,2,1,3,3,4,2,3,2,NA
"Nữ","Khoa học Kỹ thuật & Công nghệ (Công nghệ thông tin, Kỹ thuật, Kiến trúc, Điện tử...)","Thỉnh thoảng, tùy năm","Sử dụng vài lần",4,4,3,3,2,3,4,2,4,4,2,4,4,2,3,4,2,2,4,3,3,"Không"
"Nam","Khoa học Kỹ thuật & Công nghệ (Công nghệ thông tin, Kỹ thuật, Kiến trúc, Điện tử...)","Chưa từng bị ảnh hưởng","Sử dụng thường xuyên",5,5,5,4,4,5,4,5,5,4,5,5,5,4,4,4,5,5,5,4,4,"Không"
"Nữ","Kinh tế, Kinh doanh & Quản lý (Quản trị kinh doanh, Tài chính - Ngân hàng, Kế toán, Logistics...)","Chưa từng bị ảnh hưởng","Sử dụng vài lần",5,4,5,3,4,3,3,5,4,3,3,4,4,3,2,4,4,4,3,3,4,NA
"Nam","Kinh tế, Kinh doanh & Quản lý (Quản trị kinh doanh, Tài chính - Ngân hàng, Kế toán, Logistics...)","Thỉnh thoảng, tùy năm","Sử dụng vài lần",3,4,4,4,3,4,4,4,4,4,4,4,4,4,3,4,3,3,4,3,4,NA
"Nữ","Kinh tế, Kinh doanh & Quản lý (Quản trị kinh doanh, Tài chính - Ngân hàng, Kế toán, Logistics...)","Thỉnh thoảng, tùy năm","Sử dụng vài lần",4,4,4,3,4,4,4,4,4,4,4,4,4,4,4,4,4,4,4,4,4,"Không"
"Nam","Khoa học Kỹ thuật & Công nghệ (Công nghệ thông tin, Kỹ thuật, Kiến trúc, Điện tử...)","Chưa từng bị ảnh hưởng","Sử dụng thường xuyên",3,3,3,3,3,3,3,3,3,3,3,3,3,3,3,3,3,3,3,3,3,NA
"Nữ","Khoa học Xã hội, Nhân văn & Ngôn ngữ (Luật, Ngôn ngữ Anh/Hàn/Trung, Tâm lý học, Báo chí...)","Chưa từng bị ảnh hưởng","Sử dụng vài lần",4,4,3,2,3,1,4,4,4,2,3,3,3,3,3,3,3,3,2,3,2,"Không"
"Nam","Khoa học Kỹ thuật & Công nghệ (Công nghệ thông tin, Kỹ thuật, Kiến trúc, Điện tử...)","Thỉnh thoảng, tùy năm","Chưa từng sử dụng",4,2,4,4,4,3,4,4,3,4,4,4,4,2,2,2,3,2,2,2,3,"Không"
"Nữ","Khoa học Kỹ thuật & Công nghệ (Công nghệ thông tin, Kỹ thuật, Kiến trúc, Điện tử...)","Hằng năm, đều đặn","Sử dụng vài lần",5,5,5,5,4,2,3,2,1,3,5,5,3,1,1,1,1,1,1,1,1,NA
"Nữ","Khoa học Xã hội, Nhân văn & Ngôn ngữ (Luật, Ngôn ngữ Anh/Hàn/Trung, Tâm lý học, Báo chí...)","Thỉnh thoảng, tùy năm","Sử dụng vài lần",4,3,3,4,4,3,4,3,3,3,3,3,4,3,3,4,3,4,3,3,3,NA
"Nữ","Kinh tế, Kinh doanh & Quản lý (Quản trị kinh doanh, Tài chính - Ngân hàng, Kế toán, Logistics...)","Thỉnh thoảng, tùy năm","Sử dụng vài lần",3,4,3,4,4,4,4,4,3,4,4,4,3,3,1,3,1,1,1,1,1,NA
"Nữ","Kinh tế, Kinh doanh & Quản lý (Quản trị kinh doanh, Tài chính - Ngân hàng, Kế toán, Logistics...)","Thỉnh thoảng, tùy năm","Chưa từng sử dụng",2,5,3,3,4,2,5,3,3,2,4,3,4,2,5,5,4,5,4,3,5,NA
"Nam","Khoa học Tự nhiên, Y dược & Khác (Y, Dược, Sinh học, Hóa học, Sức khỏe...)","Hằng năm, đều đặn","Sử dụng vài lần",1,4,3,3,1,1,5,5,1,2,2,3,1,4,5,1,5,1,5,5,3,NA
"Nữ","Khoa học Xã hội, Nhân văn & Ngôn ngữ (Luật, Ngôn ngữ Anh/Hàn/Trung, Tâm lý học, Báo chí...)","Thỉnh thoảng, tùy năm","Sử dụng vài lần",5,4,4,4,4,4,5,5,4,3,4,3,3,2,3,3,5,3,2,3,2,NA
"Nữ","Khoa học Tự nhiên, Y dược & Khác (Y, Dược, Sinh học, Hóa học, Sức khỏe...)","Thỉnh thoảng, tùy năm","Sử dụng vài lần",4,2,4,5,4,3,4,4,2,3,4,3,4,2,1,3,4,3,2,1,1,"AI chưa thể hiện sự tin cậy khi đánh giá các bài kiểm tra tâm thần"
"Nam","Khoa học Tự nhiên, Y dược & Khác (Y, Dược, Sinh học, Hóa học, Sức khỏe...)","Thỉnh thoảng, tùy năm","Sử dụng vài lần",3,3,3,3,3,3,3,3,3,3,3,3,3,3,3,3,3,3,3,3,3,NA
"Nam","Khoa học Kỹ thuật & Công nghệ (Công nghệ thông tin, Kỹ thuật, Kiến trúc, Điện tử...)","Chưa từng bị ảnh hưởng","Sử dụng thường xuyên",5,5,5,5,5,5,5,5,5,5,5,5,5,5,5,5,5,5,5,5,5,"Không, ít ra nó làm tui đỡ hơn"
"Nữ","Khoa học Xã hội, Nhân văn & Ngôn ngữ (Luật, Ngôn ngữ Anh/Hàn/Trung, Tâm lý học, Báo chí...)","Chưa từng bị ảnh hưởng","Sử dụng vài lần",4,2,1,4,5,5,4,4,4,2,4,4,1,3,4,3,2,1,1,2,2,NA
"Nữ","Kinh tế, Kinh doanh & Quản lý (Quản trị kinh doanh, Tài chính - Ngân hàng, Kế toán, Logistics...)","Chưa từng bị ảnh hưởng","Sử dụng vài lần",3,4,4,5,4,3,4,3,5,3,4,4,4,3,2,3,3,4,2,2,4,NA
"Nam","Kinh tế, Kinh doanh & Quản lý (Quản trị kinh doanh, Tài chính - Ngân hàng, Kế toán, Logistics...)","Chưa từng bị ảnh hưởng","Sử dụng vài lần",4,3,4,4,3,2,4,4,1,3,3,4,4,1,4,4,1,4,4,4,4,"Không ak"
"Nữ","Kinh tế, Kinh doanh & Quản lý (Quản trị kinh doanh, Tài chính - Ngân hàng, Kế toán, Logistics...)","Thỉnh thoảng, tùy năm","Sử dụng vài lần",4,4,4,4,4,3,4,3,4,4,4,4,4,4,3,4,3,3,3,4,3,NA
"Nam","Kinh tế, Kinh doanh & Quản lý (Quản trị kinh doanh, Tài chính - Ngân hàng, Kế toán, Logistics...)","Thỉnh thoảng, tùy năm","Chưa từng sử dụng",5,3,1,5,5,5,3,3,3,5,5,5,3,3,1,3,3,3,1,1,1,"Không"
"Nam","Kinh tế, Kinh doanh & Quản lý (Quản trị kinh doanh, Tài chính - Ngân hàng, Kế toán, Logistics...)","Thỉnh thoảng, tùy năm","Sử dụng vài lần",1,2,1,2,2,3,1,2,1,4,2,3,1,2,2,1,2,2,2,1,2,"Không ạ"
"Nam","Khoa học Tự nhiên, Y dược & Khác (Y, Dược, Sinh học, Hóa học, Sức khỏe...)","Thỉnh thoảng, tùy năm","Sử dụng vài lần",5,5,5,5,5,5,5,5,5,5,5,2,3,3,1,2,3,3,1,4,3,NA
"Nam","Khoa học Tự nhiên, Y dược & Khác (Y, Dược, Sinh học, Hóa học, Sức khỏe...)","Thỉnh thoảng, tùy năm","Sử dụng vài lần",3,3,4,3,2,2,2,3,4,4,5,5,3,5,2,2,3,2,2,3,1,"hong"
"Nữ","Kinh tế, Kinh doanh & Quản lý (Quản trị kinh doanh, Tài chính - Ngân hàng, Kế toán, Logistics...)","Thỉnh thoảng, tùy năm","Sử dụng vài lần",4,4,5,3,4,4,3,4,4,4,3,4,5,4,4,4,5,4,4,4,3,"dạ không"
"Nữ","Kinh tế, Kinh doanh & Quản lý (Quản trị kinh doanh, Tài chính - Ngân hàng, Kế toán, Logistics...)","Chưa từng bị ảnh hưởng","Sử dụng vài lần",3,4,5,4,4,4,4,4,4,3,3,3,3,2,2,2,3,3,2,4,4,"AI có thể là một công cụ hỗ trợ tinh thần hữu ích vì dễ tiếp cận, phản hồi nhanh và giúp người dùng giải tỏa cảm xúc ban đầu. Tuy nhiên, tôi kỳ vọng AI chỉ nên đóng vai trò hỗ trợ tham khảo, không thay thế hoàn toàn chuyên gia tâm lý hay sự kết nối với người thân, bạn bè, đặc biệt trong các vấn đề nghiêm trọng."
"Nam","Khoa học Tự nhiên, Y dược & Khác (Y, Dược, Sinh học, Hóa học, Sức khỏe...)","Thỉnh thoảng, tùy năm","Chưa từng sử dụng",1,1,1,1,1,1,1,1,1,1,1,1,1,1,1,1,1,1,1,1,1,NA
"Nam","Khoa học Tự nhiên, Y dược & Khác (Y, Dược, Sinh học, Hóa học, Sức khỏe...)","Thỉnh thoảng, tùy năm","Chưa từng sử dụng",4,3,5,3,4,4,4,3,3,2,4,4,3,3,2,3,3,4,1,2,2,NA
"Nam","Khoa học Tự nhiên, Y dược & Khác (Y, Dược, Sinh học, Hóa học, Sức khỏe...)","Hằng năm, đều đặn","Chưa từng sử dụng",1,4,4,1,4,4,4,3,3,3,1,1,1,3,3,1,1,2,3,1,2,"Không"
"Nam","Khoa học Tự nhiên, Y dược & Khác (Y, Dược, Sinh học, Hóa học, Sức khỏe...)","Hằng năm, đều đặn","Sử dụng vài lần",4,3,3,4,5,2,3,3,3,2,4,4,5,3,1,2,2,3,3,2,4,"mong AI đưa ra lời khuyên chính xác"
"Nữ","Khoa học Tự nhiên, Y dược & Khác (Y, Dược, Sinh học, Hóa học, Sức khỏe...)","Chưa từng bị ảnh hưởng","Sử dụng vài lần",3,3,5,4,5,4,2,3,2,3,4,3,4,2,4,1,2,5,2,3,3,"không"
"Nữ","Kinh tế, Kinh doanh & Quản lý (Quản trị kinh doanh, Tài chính - Ngân hàng, Kế toán, Logistics...)","Thỉnh thoảng, tùy năm","Sử dụng thường xuyên",3,4,4,1,2,2,3,3,2,3,2,2,3,2,2,3,3,2,3,2,3,NA
"Nam","Khoa học Kỹ thuật & Công nghệ (Công nghệ thông tin, Kỹ thuật, Kiến trúc, Điện tử...)","Hằng năm, đều đặn","Chưa từng sử dụng",4,4,4,3,3,3,3,3,3,3,3,3,3,3,3,3,3,4,3,3,3,"ok"
"Nam","Khoa học Kỹ thuật & Công nghệ (Công nghệ thông tin, Kỹ thuật, Kiến trúc, Điện tử...)","Thỉnh thoảng, tùy năm","Chưa từng sử dụng",4,4,4,4,4,4,4,4,4,4,4,4,4,4,4,4,4,4,4,4,4,"Không có"
"Nam","Kinh tế, Kinh doanh & Quản lý (Quản trị kinh doanh, Tài chính - Ngân hàng, Kế toán, Logistics...)","Thỉnh thoảng, tùy năm","Sử dụng thường xuyên",4,2,1,4,2,2,4,2,3,1,2,1,1,2,2,2,1,3,1,4,5,NA
"Nữ","Kinh tế, Kinh doanh & Quản lý (Quản trị kinh doanh, Tài chính - Ngân hàng, Kế toán, Logistics...)","Hằng năm, đều đặn","Chưa từng sử dụng",4,2,5,2,5,2,5,4,3,3,2,3,3,1,1,1,1,4,2,2,4,NA
"Nữ","Kinh tế, Kinh doanh & Quản lý (Quản trị kinh doanh, Tài chính - Ngân hàng, Kế toán, Logistics...)","Chưa từng bị ảnh hưởng","Sử dụng vài lần",4,3,4,3,3,4,5,4,4,3,3,3,3,4,4,4,3,4,2,3,3,"khong ạ"
"Nữ","Kinh tế, Kinh doanh & Quản lý (Quản trị kinh doanh, Tài chính - Ngân hàng, Kế toán, Logistics...)","Thỉnh thoảng, tùy năm","Sử dụng vài lần",3,3,2,3,4,3,2,4,1,4,2,2,3,3,3,1,4,3,2,3,3,"Không"
"Nữ","Khoa học Tự nhiên, Y dược & Khác (Y, Dược, Sinh học, Hóa học, Sức khỏe...)","Thỉnh thoảng, tùy năm","Chưa từng sử dụng",3,2,4,5,4,3,4,4,4,3,2,4,4,4,4,4,5,4,2,2,2,"không"
"Nữ","Khoa học Xã hội, Nhân văn & Ngôn ngữ (Luật, Ngôn ngữ Anh/Hàn/Trung, Tâm lý học, Báo chí...)","Thỉnh thoảng, tùy năm","Sử dụng vài lần",5,2,4,4,5,4,3,4,2,4,5,5,2,2,2,2,2,2,1,4,2,"dạ hong"
"Nữ","Kinh tế, Kinh doanh & Quản lý (Quản trị kinh doanh, Tài chính - Ngân hàng, Kế toán, Logistics...)","Thỉnh thoảng, tùy năm","Sử dụng thường xuyên",4,4,3,4,5,4,5,4,4,4,3,4,4,4,5,4,5,4,5,4,5,NA
"Nữ","Kinh tế, Kinh doanh & Quản lý (Quản trị kinh doanh, Tài chính - Ngân hàng, Kế toán, Logistics...)","Thỉnh thoảng, tùy năm","Sử dụng vài lần",5,4,4,4,4,5,5,4,3,3,4,4,5,4,4,5,4,4,4,4,5,NA
"Nữ","Kinh tế, Kinh doanh & Quản lý (Quản trị kinh doanh, Tài chính - Ngân hàng, Kế toán, Logistics...)","Chưa từng bị ảnh hưởng","Sử dụng vài lần",4,4,5,4,5,4,5,4,5,3,4,2,5,3,4,3,4,3,4,5,4,"Không ạ"
"Nữ","Kinh tế, Kinh doanh & Quản lý (Quản trị kinh doanh, Tài chính - Ngân hàng, Kế toán, Logistics...)","Hằng năm, đều đặn","Chưa từng sử dụng",3,3,3,4,3,2,3,3,3,4,3,4,3,4,3,3,4,3,3,3,3,"Không"
"Nữ","Kinh tế, Kinh doanh & Quản lý (Quản trị kinh doanh, Tài chính - Ngân hàng, Kế toán, Logistics...)","Hằng năm, đều đặn","Sử dụng vài lần",5,5,4,4,3,3,4,4,4,4,3,3,3,1,2,2,3,3,3,2,2,NA
"Nữ","Kinh tế, Kinh doanh & Quản lý (Quản trị kinh doanh, Tài chính - Ngân hàng, Kế toán, Logistics...)","Chưa từng bị ảnh hưởng","Sử dụng vài lần",1,4,5,3,3,2,4,4,1,5,3,5,4,4,3,3,2,5,3,2,2,NA
"Nam","Khoa học Kỹ thuật & Công nghệ (Công nghệ thông tin, Kỹ thuật, Kiến trúc, Điện tử...)","Thỉnh thoảng, tùy năm","Chưa từng sử dụng",3,3,2,2,3,3,4,3,3,2,3,3,3,4,4,3,3,2,2,3,3,NA
